,ma30_50_signal,ma30_200_signal,ma50_200_signal,Obv_signal,sma100_signal,macd_signal,adx_signal,stoch_signal,roc_signal,rsi_signal,cci_signal,atr_signal,wpr_signal,bb_signal,Close
0,-1,1,1,-1,-1,-1,0,1,-1,0,1,-1,1,0,176.52999877929688
1,0,0,0,0,-1,0,0,0,0,0,0,0,0,0,176.0500030517578
2,0,0,0,0,-1,0,0,0,0,0,0,0,0,0,174.05999755859375
3,0,0,0,0,-1,0,0,0,0,0,0,0,0,0,175.1699981689453
4,0,0,0,0,-1,0,0,0,0,0,0,0,0,0,175.3699951171875
5,0,0,0,0,-1,0,0,0,0,0,0,0,0,0,171.52000427246094
6,0,0,0,0,-1,0,0,0,0,1,0,0,0,0,169.75
7,0,0,0,0,-1,0,0,0,0,0,0,0,0,0,164.77999877929688
8,0,0,0,0,-1,0,0,0,0,0,0,0,0,0,172.1699981689453
9,0,0,0,0,-1,0,0,0,0,0,0,0,0,0,172.9600067138672
10,0,0,0,0,-1,0,0,0,0,0,0,0,0,0,175.52000427246094
11,0,0,0,0,-1,0,0,0,0,0,0,0,0,0,174.6999969482422
12,0,0,0,0,-1,0,0,-1,1,0,0,0,0,0,179.72999572753906
13,0,0,0,1,-1,0,0,0,0,0,-1,0,-1,0,183.99000549316406
14,0,0,0,0,-1,0,0,0,0,0,0,0,0,0,179.74000549316406
15,0,0,0,-1,-1,0,0,0,0,0,0,0,0,0,172.72999572753906
16,0,0,0,0,-1,0,0,1,0,0,0,0,0,0,171.27000427246094
17,0,0,0,0,-1,0,0,0,0,0,0,0,0,0,174.49000549316406
18,0,0,0,0,-1,0,0,0,-1,0,1,0,1,0,167.69000244140625
19,0,0,0,0,-1,0,0,0,0,0,0,0,0,0,172.38999938964844
20,0,0,0,0,-1,0,0,0,0,0,0,0,0,0,169.32000732421875
21,0,0,0,0,-1,0,0,0,0,0,0,0,0,0,165.2100067138672
22,0,0,0,0,-1,0,0,0,0,0,0,0,0,0,171.91000366210938
23,0,0,0,1,-1,0,0,0,0,0,0,0,0,0,174.9499969482422
24,0,0,0,0,-1,0,0,0,1,0,0,0,0,0,180.17999267578125
25,0,0,0,0,-1,0,0,0,0,0,-1,0,-1,0,185.05999755859375
26,0,0,0,0,-1,0,0,0,0,0,0,0,0,0,186.92999267578125
27,0,0,0,0,-1,0,0,0,0,0,0,0,0,0,180.66000366210938
28,0,0,0,0,-1,0,0,0,0,0,0,0,0,0,180.1699981689453
29,0,0,0,-1,-1,0,0,0,0,0,0,0,0,0,179.5
30,0,0,0,1,-1,0,0,0,0,0,0,0,0,0,185.3000030517578
31,0,0,0,0,1,0,0,0,0,0,0,0,0,0,189.8800048828125
32,0,0,0,0,1,0,0,0,0,0,0,0,0,0,188.0399932861328
33,0,0,0,0,1,0,0,-1,0,0,0,0,0,0,189.60000610351562
34,0,0,0,0,1,0,0,0,0,0,0,0,0,0,187.0800018310547
35,0,0,0,0,1,0,0,0,0,0,0,0,0,0,194.74000549316406
36,0,0,0,0,1,0,0,0,0,0,0,0,0,0,193.39999389648438
37,1,0,0,0,1,1,0,0,0,0,0,0,0,0,191.8300018310547
38,0,0,0,0,1,0,0,0,0,0,0,0,0,0,195.0
39,0,0,0,0,1,0,0,0,0,0,0,0,0,0,201.17999267578125
40,0,0,0,0,1,0,0,0,0,0,0,0,0,0,202.49000549316406
41,0,0,0,0,1,0,1,0,0,0,0,0,0,0,204.50999450683594
42,0,0,0,0,1,0,0,0,0,0,0,0,0,0,198.8699951171875
43,0,0,0,0,1,0,0,0,0,0,0,0,0,0,198.32000732421875
44,0,0,0,-1,1,0,0,1,0,0,0,0,0,0,196.0
45,0,0,0,0,1,0,0,0,0,0,0,0,0,0,194.9199981689453
46,0,0,0,0,1,0,0,0,-1,0,0,0,1,0,188.5800018310547
47,0,0,0,0,-1,0,0,0,0,0,1,0,0,0,186.67999267578125
48,0,0,0,0,-1,0,0,0,0,0,0,0,0,0,182.88999938964844
49,0,0,0,0,-1,0,0,0,0,0,0,0,0,0,186.27000427246094
50,0,0,0,0,-1,0,0,0,0,0,0,0,0,0,185.57000732421875
51,0,0,0,0,1,0,0,0,0,0,0,0,0,0,188.10000610351562
52,0,0,0,0,-1,0,0,0,0,0,0,0,0,0,185.47000122070312
53,0,0,0,0,-1,0,0,0,0,0,0,0,0,0,184.5399932861328
54,0,0,0,0,1,0,0,0,0,0,0,0,0,0,186.08999633789062
55,0,0,0,0,-1,0,0,0,0,0,0,0,0,0,181.85000610351562
56,0,0,0,0,-1,0,0,0,0,0,0,0,0,0,180.94000244140625
57,0,0,0,0,-1,0,0,0,0,0,0,0,0,0,179.91000366210938
58,0,0,0,0,1,0,0,0,1,0,0,0,0,0,185.44000244140625
59,0,0,0,0,1,0,0,0,0,0,-1,0,0,0,188.85000610351562
60,0,0,0,0,1,0,0,0,0,0,0,0,0,0,187.13999938964844
61,0,0,0,0,1,0,0,0,-1,0,0,0,0,0,185.7100067138672
62,0,0,0,0,1,0,0,-1,1,0,0,0,-1,0,193.1300048828125
63,0,0,0,0,1,0,0,0,0,0,0,0,0,0,192.77999877929688
64,0,0,0,0,1,0,0,0,0,0,0,0,0,0,188.9499969482422
65,0,0,0,0,-1,0,0,0,-1,0,0,0,0,0,181.60000610351562
66,0,0,0,0,1,0,0,0,1,0,0,0,0,0,185.88999938964844
67,0,0,0,0,1,0,0,0,0,0,0,0,0,0,188.38999938964844
68,0,0,0,0,1,0,0,0,-1,0,0,0,0,0,183.6199951171875
69,0,0,0,0,1,0,0,0,0,0,0,0,0,0,186.27000427246094
70,0,0,0,1,1,0,0,0,1,0,0,0,0,0,190.89999389648438
71,-1,0,0,0,1,-1,0,0,0,0,0,0,0,0,195.75
72,0,0,0,0,1,0,0,0,0,0,0,0,0,0,200.30999755859375
73,0,0,0,0,1,0,0,0,0,0,0,0,0,0,203.30999755859375
74,0,0,0,0,1,0,0,0,0,0,0,0,0,0,199.99000549316406
75,0,0,0,0,1,0,0,0,0,0,0,0,0,0,198.11000061035156
76,0,0,0,0,1,0,0,1,0,0,0,0,0,0,197.32000732421875
77,0,0,0,0,1,0,0,0,0,0,0,0,0,0,197.32000732421875
78,0,0,0,-1,1,0,0,0,0,0,0,0,0,0,192.02999877929688
79,0,0,0,0,1,0,0,0,0,0,0,0,0,0,191.36000061035156
80,0,0,0,0,1,0,0,0,0,0,0,0,0,0,196.0800018310547
81,0,0,0,0,1,0,0,0,-1,0,0,0,0,0,193.27000427246094
82,0,0,0,0,1,0,0,0,0,0,0,0,0,0,193.11000061035156
83,0,0,0,0,1,0,0,0,0,0,0,0,0,0,196.1300048828125
84,0,0,0,1,1,0,0,0,0,0,0,0,0,0,198.25
85,1,0,0,-1,1,1,0,0,1,0,0,0,0,0,198.1199951171875
86,0,0,0,1,1,0,0,-1,0,0,0,0,0,0,208.1999969482422
87,0,0,0,-1,1,0,0,0,0,0,0,0,0,0,203.0
88,0,0,0,0,1,0,0,0,0,0,0,0,0,0,201.02999877929688
89,0,0,0,0,1,0,0,0,0,0,0,0,0,0,204.35000610351562
90,0,0,0,1,1,0,0,0,0,0,0,0,0,0,205.22000122070312
91,0,0,0,-1,1,0,0,0,0,0,0,0,0,0,204.80999755859375
92,0,0,0,0,1,0,0,0,0,0,0,0,0,0,202.3000030517578
93,0,0,0,0,1,0,0,0,0,0,0,0,0,0,202.52000427246094
94,0,0,0,1,1,0,0,0,0,0,0,0,0,0,202.86000061035156
95,0,0,0,-1,1,0,0,1,0,0,0,0,0,0,200.77000427246094
96,0,0,0,1,1,0,0,0,-1,0,0,0,0,0,204.74000549316406
97,0,0,0,-1,1,0,0,0,0,0,0,0,0,0,202.80999755859375
98,0,0,0,0,1,0,0,0,1,0,0,0,0,0,202.30999755859375
99,0,0,0,1,1,0,0,0,-1,0,0,0,0,0,203.52000427246094
100,0,0,0,-1,1,0,0,0,0,0,0,0,0,0,202.9600067138672
101,0,0,0,1,1,0,0,0,1,0,0,0,0,0,210.14999389648438
102,0,0,0,0,1,0,0,0,0,0,0,0,0,0,210.16000366210938
103,0,0,0,0,1,0,0,0,0,0,0,0,0,0,209.27999877929688
104,0,0,0,0,1,0,0,-1,0,0,0,0,0,0,214.3000030517578
105,0,0,0,0,1,0,0,0,0,0,0,0,0,0,214.52999877929688
106,0,0,0,0,1,0,0,0,0,0,0,0,0,0,215.00999450683594
107,0,0,0,0,1,0,0,0,0,-1,0,0,0,0,218.92999267578125
108,0,0,0,0,1,0,0,0,0,0,0,0,0,0,220.47000122070312
109,0,0,0,0,1,0,0,0,0,0,0,0,0,0,219.1999969482422
110,0,0,0,0,1,0,0,0,0,0,0,0,0,0,223.7899932861328
111,0,0,0,0,1,0,0,0,0,0,0,0,0,0,223.0
112,0,0,0,0,1,0,0,0,0,0,0,0,0,0,226.9499969482422
113,0,0,0,0,1,0,0,0,0,0,0,0,0,0,227.3800048828125
114,0,0,0,0,1,0,0,0,0,0,0,0,0,0,226.47000122070312
115,0,0,0,0,1,0,0,0,0,0,0,0,0,0,228.5
116,0,0,0,0,1,0,0,0,0,0,0,0,0,0,229.97000122070312
117,0,0,0,0,1,0,0,0,0,0,0,0,0,0,232.3000030517578
118,0,0,0,0,1,0,0,0,0,0,0,0,0,0,232.77000427246094
119,0,0,0,0,1,0,0,0,0,0,0,0,0,0,221.64999389648438
120,0,0,0,0,1,0,0,0,0,0,0,1,0,0,233.07000732421875
121,0,0,0,0,1,0,0,0,0,0,0,-1,0,0,228.16000366210938
122,0,0,0,0,1,0,0,0,-1,0,0,0,0,0,226.2899932861328
123,0,0,0,0,1,0,0,0,1,0,0,0,0,0,229.80999755859375
124,0,0,0,0,1,0,0,0,0,0,0,0,0,0,228.75
125,0,0,0,-1,1,0,0,0,-1,0,0,0,0,0,224.5500030517578
126,0,0,0,1,1,0,0,1,0,0,1,0,0,0,224.97999572753906
127,0,0,0,-1,1,0,0,0,0,0,0,0,1,0,223.1300048828125
128,0,0,0,1,1,0,0,0,0,0,0,0,0,0,224.00999450683594
129,0,0,0,0,1,0,0,0,1,0,0,0,0,0,226.0399932861328
130,0,0,0,0,1,0,0,0,-1,0,0,0,0,0,224.13999938964844
131,0,0,0,-1,1,0,0,0,0,0,0,0,0,0,222.4199981689453
132,0,0,0,0,1,0,0,0,0,0,0,0,0,0,224.66000366210938
133,0,0,0,0,1,0,0,0,0,0,0,0,0,0,219.91000366210938
134,0,0,0,0,1,0,0,0,0,0,0,0,0,0,225.69000244140625
135,0,0,0,0,1,0,0,0,0,0,0,0,0,0,222.5800018310547
136,0,0,0,0,1,0,0,0,0,0,0,0,0,0,223.10000610351562
137,0,0,0,1,1,0,0,0,1,0,0,0,0,0,227.66000366210938
138,0,0,0,0,1,0,0,-1,0,0,-1,0,-1,0,229.1699981689453
139,0,0,0,0,1,0,0,0,0,0,0,0,0,0,231.75
140,0,0,0,0,1,0,0,0,0,0,0,0,0,0,232.27999877929688
141,0,0,0,0,1,0,0,0,0,0,0,0,0,0,231.3800048828125
142,0,0,0,0,1,0,0,0,0,0,0,0,0,0,227.5
143,0,0,0,0,1,0,0,0,0,0,0,0,0,0,228.9600067138672
144,0,0,0,0,1,0,0,1,0,0,0,0,0,0,227.1199951171875
145,0,0,0,-1,1,0,0,0,-1,0,0,0,0,0,221.4600067138672
146,0,0,0,0,1,0,0,0,0,0,1,0,0,0,216.4600067138672
147,0,0,0,0,1,0,0,0,0,0,0,0,0,0,222.41000366210938
148,0,0,0,0,1,0,0,0,0,0,0,0,1,0,209.97999572753906
149,0,0,0,0,-1,0,0,0,0,1,0,0,0,0,206.36000061035156
150,0,0,0,0,-1,0,-1,0,0,0,0,0,0,0,205.7100067138672
151,0,0,0,0,1,0,0,0,0,0,0,0,0,0,210.11000061035156
152,-1,0,0,0,-1,-1,0,0,0,0,0,0,0,0,208.83999633789062
153,0,0,0,0,-1,0,0,0,0,0,0,0,0,0,204.5800018310547
154,0,0,0,0,-1,0,0,0,0,0,0,0,0,0,204.88999938964844
155,0,0,0,0,-1,0,0,0,0,0,0,0,0,0,200.07000732421875
156,0,0,0,0,-1,0,0,0,0,0,0,0,0,0,203.00999450683594
157,0,0,0,0,-1,0,0,0,0,0,0,0,0,0,204.0399932861328
158,0,0,0,0,-1,0,0,-1,0,0,0,0,0,0,203.1699981689453
159,0,0,0,0,-1,0,0,0,0,0,0,0,0,0,204.47000122070312
160,0,0,0,0,-1,0,0,0,1,0,0,0,0,0,205.9499969482422
161,0,0,0,0,-1,0,0,0,-1,0,0,0,0,0,204.22999572753906
162,0,0,0,0,-1,0,0,0,0,0,0,0,0,0,208.0800018310547
163,0,0,0,1,1,0,0,0,1,0,-1,0,-1,0,211.35000610351562
164,0,0,0,-1,-1,0,0,0,0,0,0,0,0,0,206.0500030517578
165,0,0,0,0,-1,0,0,0,0,0,0,0,0,0,205.13999938964844
166,0,0,0,1,-1,0,0,0,0,0,0,0,0,0,208.64999389648438
167,0,0,0,-1,-1,0,0,0,0,0,0,0,0,0,205.3000030517578
168,0,0,0,1,-1,0,0,0,0,0,0,0,0,0,205.94000244140625
169,0,0,0,-1,-1,0,0,1,-1,0,1,0,1,0,199.91000366210938
170,0,0,0,1,-1,0,0,0,0,0,0,0,0,0,202.11000061035156
171,0,0,0,-1,-1,0,0,0,0,0,0,0,0,0,197.9600067138672
172,0,0,0,1,-1,0,0,0,0,0,0,0,0,0,199.3800048828125
173,0,0,0,0,-1,0,0,0,0,0,0,0,0,0,200.1199951171875
174,0,0,0,0,-1,0,0,0,0,0,0,0,0,0,203.6199951171875
175,0,0,0,0,-1,0,0,0,0,0,0,0,0,0,202.25
176,0,0,0,0,-1,0,0,0,0,0,0,0,0,0,202.6199951171875
177,0,0,0,0,-1,0,0,-1,1,0,0,0,-1,0,206.82000732421875
178,0,0,0,0,-1,0,0,0,-1,0,0,0,0,-1,205.44000244140625
179,0,0,0,-1,-1,0,0,0,1,0,0,0,0,0,202.16000366210938
180,0,0,0,0,-1,0,0,0,-1,0,0,0,0,0,200.67999267578125
181,0,0,0,0,-1,0,0,1,0,0,0,0,1,0,195.91000366210938
182,0,0,0,0,-1,0,0,0,0,0,0,0,0,0,197.36000061035156
183,0,0,0,0,-1,0,0,0,0,0,0,0,0,0,198.52000427246094
184,0,0,0,0,-1,0,0,0,0,0,0,0,0,0,194.69000244140625
185,0,0,0,0,-1,0,0,0,0,0,0,0,0,0,196.60000610351562
186,0,0,0,1,-1,0,0,0,0,0,0,0,0,0,201.9600067138672
187,0,0,0,0,-1,0,0,0,0,0,0,0,0,0,196.97000122070312
188,0,0,0,-1,-1,0,0,0,0,0,0,0,0,0,189.82000732421875
189,0,0,0,0,-1,0,0,0,0,0,0,0,0,0,188.36000061035156
190,0,0,0,0,-1,0,0,0,0,0,0,0,0,0,186.3800048828125
191,0,0,0,0,-1,0,0,0,0,0,0,0,0,0,187.00999450683594
192,0,-1,0,0,-1,0,0,0,0,0,0,0,0,0,183.02999877929688
193,0,0,0,0,-1,0,0,0,0,0,0,0,0,0,185.6999969482422
194,0,0,0,0,-1,0,0,0,0,0,0,0,0,0,178.0
195,0,0,0,0,-1,0,0,0,0,0,0,0,0,0,176.24000549316406
196,0,0,0,0,-1,0,0,0,0,0,0,0,0,0,168.02999877929688
197,0,0,-1,0,-1,0,0,0,0,0,0,0,0,0,164.77999877929688
198,0,0,0,0,-1,0,0,0,0,0,0,0,0,1,171.5800018310547
199,0,0,0,0,-1,0,0,0,0,0,0,0,0,0,177.9199981689453
200,0,0,0,0,-1,0,0,0,0,0,0,0,0,0,178.67999267578125
201,0,0,0,1,-1,0,0,0,0,0,0,0,0,0,179.7100067138672
202,0,0,0,0,-1,0,0,0,1,0,0,0,-1,0,185.94000244140625
203,0,0,0,0,-1,0,0,0,-1,0,0,0,0,0,178.99000549316406
204,0,0,0,0,-1,0,0,0,1,0,0,0,0,0,183.94000244140625
205,0,0,0,0,-1,0,0,0,0,0,0,0,0,0,181.11000061035156
206,0,0,0,0,-1,0,0,0,0,0,0,0,0,0,176.4499969482422
207,0,0,0,0,-1,0,0,0,0,0,0,0,0,0,183.75999450683594
208,0,0,0,0,-1,0,0,0,0,0,-1,0,0,0,186.10000610351562
209,0,0,0,0,-1,0,0,0,0,0,0,0,0,0,185.36000061035156
210,0,0,0,0,-1,0,0,-1,0,0,0,0,0,0,189.05999755859375
211,0,0,0,0,-1,0,0,0,0,0,0,0,0,-1,188.13999938964844
212,0,0,0,-1,-1,0,0,0,-1,0,0,0,0,0,180.91000366210938
213,0,0,0,0,-1,0,0,0,0,0,1,0,1,0,172.86000061035156
214,0,0,0,0,-1,0,0,0,0,0,0,0,0,0,174.8300018310547
215,0,0,0,0,-1,0,0,0,0,0,0,0,0,0,176.6999969482422
216,0,0,0,0,-1,0,0,1,0,0,0,0,0,0,171.86000061035156
217,0,0,0,0,-1,0,0,0,0,0,0,0,0,0,171.77999877929688
218,0,0,0,0,-1,0,0,0,0,0,0,0,0,0,170.41000366210938
219,0,0,0,0,-1,0,0,0,0,0,0,0,0,0,165.1699981689453
220,0,0,0,0,-1,0,0,0,0,0,0,0,0,0,170.6300048828125
221,0,0,0,0,-1,0,0,0,0,0,0,0,0,0,165.0399932861328
222,0,0,0,0,-1,0,0,0,0,0,0,0,0,0,166.9600067138672
223,0,0,0,0,-1,0,0,0,0,0,0,0,0,0,168.83999633789062
224,0,0,0,0,-1,0,0,-1,0,0,0,0,0,0,172.5399932861328
225,0,0,0,1,-1,0,0,0,0,0,0,0,0,0,176.19000244140625
226,0,0,0,-1,-1,0,0,0,0,0,0,0,0,0,171.0
227,0,0,0,0,-1,0,0,0,0,0,0,0,0,0,166.7100067138672
228,0,0,0,0,-1,0,0,1,0,0,0,0,0,0,160.80999755859375
229,0,0,0,0,-1,0,0,0,0,0,0,0,0,0,143.22999572753906
230,0,0,0,0,-1,0,0,0,0,0,0,0,0,0,144.83999633789062
231,0,0,0,0,-1,0,0,0,0,0,0,0,0,0,146.3699951171875
232,0,0,0,1,-1,0,0,0,0,0,0,0,0,0,150.72999572753906
233,0,0,0,-1,-1,0,0,0,0,0,0,0,0,0,145.52999877929688
234,0,0,0,0,-1,0,0,0,0,0,0,0,0,0,143.0
235,0,0,0,0,-1,0,0,0,0,0,0,0,0,0,133.3699951171875
236,0,0,0,0,-1,0,0,0,0,0,0,0,0,0,136.3300018310547
237,0,0,0,0,-1,0,0,0,0,0,0,0,0,0,131.5500030517578
238,0,0,0,0,-1,0,0,0,0,0,0,0,0,0,130.60000610351562
239,0,0,0,0,-1,0,0,0,0,0,0,0,0,1,131.25
240,0,0,0,0,-1,0,0,0,0,0,0,0,0,0,132.1699981689453
241,0,0,0,1,-1,0,0,0,0,0,0,0,0,0,134.8000030517578
242,0,0,0,0,-1,0,0,-1,0,0,0,0,0,0,144.8000030517578
243,0,0,0,0,-1,0,0,0,1,0,0,0,0,0,147.94000244140625
244,0,0,0,0,-1,0,0,0,0,0,-1,0,-1,0,152.6999969482422
245,0,0,0,0,-1,0,0,0,0,0,0,0,0,0,149.91000366210938
246,0,0,0,0,-1,0,0,0,0,0,0,0,0,0,152.44000244140625
247,0,0,0,0,-1,0,0,0,0,0,0,0,0,0,150.83999633789062
248,0,0,0,0,-1,0,0,0,0,0,0,0,0,0,151.24000549316406
249,0,0,0,0,-1,0,0,0,0,0,0,0,0,0,153.3000030517578
250,0,0,0,0,-1,0,0,0,0,0,0,0,0,0,150.07000732421875
251,0,0,0,0,-1,0,0,0,0,0,0,0,0,0,148.85000610351562
252,0,0,0,0,-1,0,0,0,0,0,0,0,0,0,149.88999938964844
253,0,0,0,0,-1,0,0,1,-1,0,0,0,0,0,139.8300018310547
254,0,0,0,0,-1,0,0,0,0,0,1,0,0,0,139.4600067138672
255,0,0,0,-1,-1,0,0,0,0,0,0,0,1,0,137.92999267578125
256,0,0,0,1,-1,0,0,0,0,0,0,0,0,0,141.41000366210938
257,0,0,0,0,-1,0,0,0,0,0,0,0,0,0,142.52000427246094
258,0,0,0,-1,-1,0,0,0,0,0,0,0,0,0,134.92999267578125
259,0,0,0,1,-1,0,0,0,0,0,0,0,0,0,137.88999938964844
260,0,0,0,0,-1,0,0,0,0,0,0,0,0,0,142.22999572753906
261,0,0,0,0,-1,0,0,-1,0,0,0,0,0,0,141.30999755859375
262,0,0,0,0,-1,0,0,0,1,0,0,0,0,0,149.97000122070312
263,0,0,0,0,-1,0,0,0,0,0,0,0,0,0,147.3800048828125
264,0,0,0,0,-1,0,0,0,0,0,-1,0,-1,0,152.94000244140625
265,0,0,0,0,-1,0,0,0,0,0,0,0,0,0,152.4600067138672
266,0,0,0,0,-1,0,0,0,0,0,0,0,0,0,152.86000061035156
267,0,0,0,0,-1,0,0,0,0,0,0,0,0,0,155.02999877929688
268,0,0,0,0,-1,0,0,0,0,0,0,0,0,0,155.1199951171875
269,0,0,0,0,-1,0,0,0,0,0,0,0,0,0,144.5500030517578
270,0,0,0,0,-1,0,0,0,0,0,0,0,0,0,146.25999450683594
271,0,0,0,0,-1,0,0,0,0,0,0,0,0,0,150.52999877929688
272,0,0,0,0,-1,0,0,0,0,0,0,0,0,0,157.1199951171875
273,1,0,0,0,-1,1,0,0,0,0,0,0,0,0,161.6199951171875
274,0,0,0,0,-1,0,0,0,0,0,0,0,0,0,157.50999450683594
275,0,0,0,0,-1,0,0,0,0,0,0,0,0,0,158.58999633789062
276,0,0,0,0,-1,0,0,0,0,0,0,0,0,0,156.64999389648438
277,0,0,0,0,-1,0,0,1,-1,0,0,0,0,0,154.1199951171875
278,0,0,0,-1,-1,0,0,0,0,0,0,0,0,0,153.1199951171875
279,0,0,0,0,-1,0,0,0,1,0,1,0,0,0,146.97000122070312
280,0,0,0,0,-1,0,0,0,0,0,0,0,0,0,148.13999938964844
281,0,0,0,0,-1,0,0,0,0,0,0,0,0,0,157.85000610351562
282,0,0,0,0,-1,0,0,0,0,0,0,0,0,0,157.66000366210938
283,0,0,0,0,-1,0,0,0,-1,0,0,0,0,0,156.9499969482422
284,0,0,0,0,-1,0,0,-1,1,0,0,0,0,0,160.16000366210938
285,0,0,0,0,-1,0,0,0,0,0,0,0,0,0,158.75999450683594
286,0,0,0,0,-1,0,0,0,-1,0,0,0,0,0,156.1999969482422
287,0,0,0,0,-1,0,0,0,1,0,0,0,0,0,157.3699951171875
288,0,0,0,0,1,0,0,0,0,0,0,0,0,0,160.35000610351562
289,0,0,0,0,-1,0,0,0,0,0,0,0,0,0,156.02999877929688
290,0,0,0,0,-1,0,0,0,0,0,0,0,0,0,152.52000427246094
291,0,0,0,0,-1,0,0,0,-1,0,0,0,0,0,154.75
292,0,0,0,0,1,0,0,0,1,0,0,0,0,0,159.5
293,0,0,0,1,1,0,0,0,0,0,-1,0,0,0,163.00999450683594
294,0,0,0,0,1,0,0,0,0,0,0,0,0,0,160.44000244140625
295,0,0,0,-1,-1,0,0,0,-1,0,0,0,0,0,156.1699981689453
296,0,0,0,0,-1,0,0,0,0,0,1,0,0,0,153.2100067138672
297,0,0,0,0,-1,0,0,1,0,0,0,0,1,0,151.97999572753906
298,0,0,0,0,-1,0,0,0,0,0,0,0,0,0,153.13999938964844
299,0,0,0,1,-1,0,0,0,0,0,0,0,0,0,153.27000427246094
300,0,0,0,0,-1,0,0,0,1,0,0,0,0,0,154.63999938964844
301,0,0,0,0,1,0,0,0,0,0,0,0,0,0,157.0
302,0,0,0,0,1,0,0,0,-1,0,0,0,0,0,156.52000427246094
303,0,0,0,0,1,0,0,-1,0,0,0,0,0,0,158.25
304,0,0,0,0,1,0,0,0,0,0,0,0,0,0,158.74000549316406
305,0,0,0,0,1,0,0,0,1,0,-1,0,-1,0,163.55999755859375
306,0,0,0,0,1,0,0,0,0,0,0,0,0,0,159.00999450683594
307,0,0,0,0,1,0,0,0,0,0,0,0,0,0,158.0
308,0,0,0,0,1,0,0,0,0,0,0,0,0,0,162.0500030517578
309,0,0,0,0,1,0,0,0,0,0,0,0,0,0,164.00999450683594
310,0,0,0,0,1,0,0,0,0,0,0,0,0,0,163.61000061035156
311,0,0,0,0,1,0,0,0,0,0,0,0,0,0,166.5
312,0,0,0,0,1,0,0,0,0,0,0,0,0,0,163.50999450683594
313,0,0,0,0,1,0,0,0,0,0,0,0,0,0,166.8800048828125
314,0,0,0,0,1,0,0,0,0,0,0,0,0,0,170.94000244140625
315,0,0,0,0,1,0,0,0,0,0,0,0,0,0,173.5800018310547
316,0,0,0,0,1,0,0,0,0,0,0,0,0,0,171.86000061035156
317,0,0,0,0,1,0,0,0,0,0,0,0,0,0,170.4499969482422
318,0,0,0,0,1,0,0,0,0,0,0,0,0,0,174.58999633789062
319,0,0,0,0,1,0,0,0,0,0,0,0,0,0,172.52000427246094
320,0,0,0,0,1,0,0,0,0,0,0,0,0,0,172.0
321,0,0,0,0,1,0,0,0,0,0,0,0,0,0,176.1300048828125
322,0,0,0,0,1,0,0,0,0,0,0,0,0,0,179.94000244140625
323,0,0,0,0,1,0,1,0,0,0,0,0,0,0,180.22999572753906
324,0,0,0,0,1,0,0,0,0,0,0,0,0,0,177.92999267578125
325,0,0,0,0,1,0,0,0,0,0,0,0,0,0,177.2100067138672
326,0,0,0,0,1,0,0,1,0,0,0,0,0,0,173.57000732421875
327,0,0,0,-1,1,0,0,0,0,0,0,0,0,0,172.92999267578125
328,0,0,0,0,1,0,0,0,0,0,0,0,0,0,175.16000366210938
329,0,0,0,0,1,0,0,0,0,0,0,0,0,0,174.10000610351562
330,0,0,0,0,1,0,0,0,-1,0,0,0,1,0,171.41000366210938
331,0,0,0,0,1,0,0,0,0,0,1,0,0,0,172.17999267578125
332,0,0,0,1,1,0,0,0,0,0,0,0,0,0,174.8300018310547
333,0,0,0,-1,1,0,0,0,0,0,0,0,0,0,172.77999877929688
334,0,0,0,0,1,0,0,0,0,0,0,0,0,0,171.55999755859375
335,0,0,0,0,1,0,0,0,0,0,0,0,0,0,168.3300018310547
336,0,0,0,0,1,0,0,0,0,0,0,0,0,0,163.0500030517578
337,0,0,0,0,1,0,0,0,0,0,0,0,0,0,159.89999389648438
338,0,0,0,0,1,0,0,0,0,0,0,0,0,0,159.57000732421875
339,0,0,0,0,1,0,0,0,0,0,0,0,0,0,159.05999755859375
340,0,0,0,0,-1,0,-1,0,0,0,0,0,0,0,152.99000549316406
341,0,0,0,0,-1,0,0,0,0,0,0,0,0,0,154.5399932861328
342,0,0,0,0,-1,0,0,0,0,0,0,0,0,0,151.88999938964844
343,0,0,0,0,-1,0,0,0,0,0,0,0,0,0,153.24000549316406
344,0,0,0,0,-1,0,0,0,0,0,0,0,0,0,154.6699981689453
345,0,0,0,0,-1,0,0,-1,0,0,0,0,0,0,157.67999267578125
346,0,0,0,0,-1,0,0,0,0,0,0,0,0,0,152.97000122070312
347,0,0,0,0,-1,0,0,0,0,0,0,0,0,0,152.02000427246094
348,0,0,0,0,-1,0,0,0,0,0,0,0,0,0,156.0
349,0,0,0,0,-1,0,0,0,0,0,0,0,0,0,154.8699951171875
350,-1,0,0,0,-1,-1,0,0,1,0,0,0,0,0,153.1999969482422
351,0,0,0,0,-1,0,0,0,-1,0,0,0,0,0,151.52999877929688
352,0,0,0,0,-1,0,0,0,0,0,0,0,0,0,148.69000244140625
353,0,0,0,0,-1,0,0,1,0,0,0,0,0,0,147.8300018310547
354,0,0,0,0,-1,0,0,0,0,0,0,0,0,0,149.77000427246094
355,0,0,0,0,-1,0,0,0,0,0,0,0,0,0,153.49000549316406
356,0,0,0,0,-1,0,0,0,0,0,0,0,0,0,150.9199981689453
357,0,0,0,0,-1,0,0,0,0,0,0,0,0,0,148.69000244140625
358,0,0,0,0,-1,0,0,0,0,0,0,0,0,0,151.50999450683594
359,0,0,0,0,-1,0,0,0,0,0,0,0,0,0,148.94000244140625
360,0,0,0,0,-1,0,0,0,0,0,0,0,0,0,148.77000427246094
361,0,0,0,0,-1,0,0,0,0,0,0,0,0,0,150.8000030517578
362,0,0,0,0,-1,0,0,0,1,0,0,0,0,0,149.80999755859375
363,0,0,0,0,-1,0,0,0,-1,0,0,0,0,0,147.58999633789062
364,0,0,0,0,-1,0,0,0,0,0,0,0,0,0,147.49000549316406
365,0,0,0,0,-1,0,0,0,0,0,0,0,0,0,149.3000030517578
366,0,0,0,0,-1,0,0,0,0,0,0,0,0,0,145.47000122070312
367,0,0,0,0,-1,0,0,0,0,0,0,0,0,0,143.44000244140625
368,0,0,0,0,-1,0,0,0,0,0,0,0,0,0,142.6300048828125
369,0,0,0,0,-1,0,0,0,0,0,0,0,0,0,141.86000061035156
370,0,0,0,0,-1,0,0,0,0,0,0,0,0,0,142.5
371,0,0,0,0,-1,0,0,0,0,0,0,0,0,0,141.9600067138672
372,0,0,0,0,-1,0,0,0,0,0,0,0,0,0,142.24000549316406
373,0,0,0,0,-1,0,0,0,0,0,0,0,0,0,140.0
374,0,0,0,0,-1,0,0,0,0,0,0,0,0,0,137.3800048828125
375,0,0,0,0,-1,0,0,0,0,0,0,0,0,0,138.69000244140625
376,0,0,0,0,-1,0,0,0,0,0,0,0,0,0,136.22999572753906
377,0,0,0,0,-1,0,0,0,0,0,0,0,0,0,138.17999267578125
378,0,0,0,0,-1,0,0,0,0,0,0,0,0,0,133.05999755859375
379,0,0,0,0,-1,0,0,0,0,0,0,0,0,0,136.0399932861328
380,0,0,0,0,-1,0,0,0,0,0,0,0,0,0,134.83999633789062
381,0,0,0,0,-1,0,0,-1,0,0,0,0,0,0,138.66000366210938
382,0,0,0,0,-1,0,0,0,0,0,0,0,0,-1,134.4600067138672
383,0,0,0,0,-1,0,0,0,0,0,0,0,0,0,136.5500030517578
384,0,0,0,1,-1,0,0,0,0,0,0,0,0,0,137.02000427246094
385,0,0,0,-1,-1,0,0,0,0,0,0,0,0,0,132.5800018310547
386,0,0,0,0,-1,0,0,0,0,0,0,0,0,0,130.07000732421875
387,0,0,0,0,-1,0,0,1,0,0,0,0,0,0,128.36000061035156
388,0,0,0,0,-1,0,0,0,0,0,0,0,0,0,124.55999755859375
389,0,0,0,0,-1,0,0,0,0,0,0,0,0,0,123.58000183105469
390,0,0,0,0,-1,0,0,0,0,0,0,0,0,0,125.0
391,0,0,0,0,-1,0,0,0,0,0,0,0,0,0,125.77999877929688
392,0,0,0,0,-1,0,0,0,0,0,0,0,0,0,123.51000213623047
393,0,0,0,0,-1,0,0,0,0,0,0,0,0,0,121.41000366210938
394,0,0,0,0,-1,0,0,0,0,0,0,0,0,0,126.80000305175781
395,0,0,0,1,-1,0,0,0,0,0,0,0,0,0,130.55999755859375
396,0,0,0,-1,-1,0,0,0,0,0,0,0,0,0,129.94000244140625
397,0,0,0,0,-1,0,0,0,0,0,0,0,0,0,126.7699966430664
398,0,0,0,0,-1,0,0,0,0,0,0,0,0,0,123.41000366210938
399,0,0,0,0,-1,0,0,0,1,0,0,0,0,0,124.83000183105469
400,0,0,0,1,-1,0,0,0,0,0,0,0,0,0,125.5999984741211
401,0,0,0,0,-1,0,0,0,0,0,0,0,0,0,128.27000427246094
402,0,0,0,0,-1,0,0,0,0,0,0,0,0,0,124.4800033569336
403,0,0,0,0,-1,0,0,0,0,0,0,0,0,0,127.16999816894531
404,0,0,0,0,-1,0,0,0,0,0,0,0,0,0,127.91999816894531
405,0,0,0,0,-1,0,0,-1,-1,0,0,0,0,0,130.4199981689453
406,0,0,0,0,-1,0,0,0,0,0,0,0,0,0,127.01000213623047
407,0,0,0,0,-1,0,0,0,1,0,0,0,0,0,127.58000183105469
408,0,0,0,0,-1,0,0,0,0,0,0,0,0,0,127.12999725341797
409,0,0,0,0,-1,0,0,0,0,0,0,0,0,0,129.0399932861328
410,0,0,0,0,-1,0,0,0,-1,0,0,0,0,0,125.01000213623047
411,0,0,0,-1,-1,0,0,0,0,0,0,0,0,0,123.0
412,0,0,0,0,-1,0,0,1,0,0,0,0,0,0,118.94999694824219
413,0,0,0,0,-1,0,0,0,0,0,0,0,0,0,111.12999725341797
414,0,0,0,0,-1,0,0,0,0,0,0,0,0,0,107.23999786376953
415,0,0,0,0,-1,0,0,0,0,0,0,0,0,0,108.86000061035156
416,0,0,0,0,-1,0,0,0,0,0,0,0,0,0,115.37999725341797
417,0,0,0,1,-1,0,0,0,0,0,0,0,0,0,121.2699966430664
418,0,0,0,0,-1,0,0,0,0,0,0,0,0,0,123.05999755859375
419,0,0,0,-1,-1,0,0,0,0,0,0,0,0,0,115.20999908447266
420,0,0,0,1,-1,0,0,0,0,0,0,0,0,0,118.43000030517578
421,0,0,0,0,-1,0,0,0,0,0,0,0,0,0,119.12000274658203
422,0,0,0,0,-1,0,0,0,0,0,0,0,0,0,118.37999725341797
423,0,0,0,0,-1,0,0,0,1,0,0,0,0,0,121.69999694824219
424,0,0,0,0,-1,0,0,0,0,0,0,0,0,0,118.94999694824219
425,0,0,0,0,-1,0,0,0,0,0,0,0,-1,0,121.26000213623047
426,0,0,0,0,-1,0,0,0,0,0,0,0,0,0,118.36000061035156
427,0,0,0,-1,-1,0,0,0,-1,0,0,0,0,0,117.0
428,0,0,0,1,-1,0,0,0,0,0,0,0,0,0,117.30000305175781
429,0,0,0,0,-1,0,0,0,1,0,-1,0,0,0,123.33999633789062
430,0,0,0,0,-1,0,0,0,0,0,0,0,0,0,123.83999633789062
431,0,0,0,0,-1,0,0,0,0,0,0,0,0,0,121.87000274658203
432,0,0,0,0,-1,0,0,-1,0,0,0,0,0,0,123.81999969482422
433,0,0,0,0,-1,0,0,0,0,0,0,0,0,0,122.88999938964844
434,0,0,0,-1,-1,0,0,0,0,0,0,0,0,0,120.95999908447266
435,0,0,0,1,-1,0,0,0,0,0,0,0,0,1,123.18000030517578
436,0,0,0,-1,-1,0,0,0,0,0,0,0,0,-1,122.33999633789062
437,0,0,0,0,-1,0,0,0,0,0,0,0,1,0,117.05000305175781
438,0,0,0,0,-1,0,0,0,0,0,0,0,0,0,118.44999694824219
439,0,0,0,1,-1,0,0,0,-1,0,0,0,0,0,121.63999938964844
440,0,0,0,0,-1,0,0,0,0,0,0,0,0,0,122.87000274658203
441,0,0,0,0,-1,0,0,0,1,0,0,0,-1,0,132.22999572753906
442,0,0,0,0,1,0,0,0,0,0,0,0,0,0,133.50999450683594
443,0,0,0,0,1,0,0,0,0,0,0,0,0,0,136.07000732421875
444,0,0,0,0,1,0,0,0,0,0,0,0,0,0,136.08999633789062
445,0,0,0,0,1,0,0,0,0,0,0,0,0,0,138.52999877929688
446,1,0,0,0,1,1,0,0,0,0,0,0,0,0,136.9600067138672
447,0,0,0,0,1,0,0,0,0,0,0,0,0,0,134.0
448,0,0,0,0,1,0,0,1,0,0,0,0,0,0,131.88999938964844
449,0,0,0,0,1,0,0,0,0,0,0,0,0,0,133.24000549316406
450,0,0,0,0,1,0,0,0,0,0,0,0,0,0,136.5800018310547
451,0,0,0,0,1,0,1,0,0,0,0,0,0,0,140.57000732421875
452,0,0,0,0,1,0,0,0,-1,0,0,0,0,0,133.44000244140625
453,0,0,0,0,1,0,0,0,1,0,0,0,0,0,136.3699951171875
454,0,0,0,0,1,0,0,0,-1,0,0,0,0,0,134.66000366210938
455,0,0,0,0,1,0,0,0,0,0,0,0,0,0,136.88999938964844
456,0,0,0,0,1,0,0,0,1,0,0,0,0,0,137.38999938964844
457,0,0,0,0,1,0,0,0,0,0,0,0,0,0,134.67999267578125
458,0,0,0,0,1,0,0,0,0,0,1,0,0,0,132.13999938964844
459,0,0,0,0,1,0,0,0,0,0,0,0,0,0,137.6699981689453
460,0,0,0,0,1,0,0,0,0,0,-1,0,0,0,138.02999877929688
461,0,0,0,0,1,0,0,0,-1,0,0,0,0,0,137.13999938964844
462,0,0,0,0,1,0,0,-1,1,0,0,0,0,0,138.60000610351562
463,0,0,0,0,1,0,0,0,0,0,0,0,0,0,147.77999877929688
464,0,0,0,0,1,0,0,0,0,0,0,0,0,0,144.9199981689453
465,0,0,0,0,1,0,0,0,0,0,0,0,0,0,145.4199981689453
466,0,0,0,0,1,0,0,0,0,0,0,0,0,0,144.10000610351562
467,0,0,0,0,1,0,0,0,0,0,0,0,0,0,145.86000061035156
468,0,0,0,0,1,0,0,0,0,0,0,0,0,0,146.86000061035156
469,0,0,0,0,1,0,0,0,0,0,0,0,0,0,140.6999969482422
470,0,0,0,0,1,0,0,0,0,0,0,0,0,0,140.00999450683594
471,0,0,0,0,1,0,0,0,0,0,0,0,0,0,140.92999267578125
472,0,0,0,0,1,0,0,0,0,0,0,0,0,0,143.7899932861328
473,0,0,0,0,1,0,0,0,-1,0,0,0,0,0,142.32000732421875
474,0,0,0,0,1,0,0,0,0,0,0,0,0,0,144.3300018310547
475,0,0,0,0,1,0,0,0,0,0,0,0,0,0,141.10000610351562
476,0,0,0,0,1,0,0,0,0,0,0,0,0,0,141.2100067138672
477,0,0,0,0,1,0,0,0,0,0,0,0,0,0,143.60000610351562
478,0,0,0,0,1,0,0,0,1,0,0,0,0,0,147.94000244140625
479,0,0,0,0,1,0,0,0,0,0,0,0,0,0,146.5800018310547
480,0,0,0,0,1,0,0,0,0,0,0,0,0,0,144.6300048828125
481,0,0,0,0,1,0,0,0,0,0,0,0,0,0,144.75
482,0,0,0,0,1,0,0,0,0,0,0,0,0,0,149.25
483,0,0,0,0,1,0,0,0,0,0,0,0,0,0,143.82000732421875
484,0,0,0,0,1,0,0,0,0,0,0,0,0,0,145.17999267578125
485,0,0,0,0,1,0,0,0,0,0,0,0,0,0,146.10000610351562
486,0,0,0,0,1,0,0,1,-1,0,1,0,0,0,137.50999450683594
487,0,0,0,0,1,0,0,0,0,0,0,0,0,1,140.35000610351562
488,0,1,0,0,1,0,0,0,0,0,0,0,0,0,143.10000610351562
489,0,0,0,0,1,0,0,0,0,0,0,0,0,0,145.38999938964844
490,0,0,0,0,1,0,0,0,0,0,0,0,0,0,139.99000549316406
491,0,0,0,0,1,0,0,0,0,0,0,0,0,0,141.11000061035156
492,0,0,0,0,1,0,0,0,0,0,0,0,0,0,144.5800018310547
493,0,0,0,0,1,0,0,0,0,0,0,0,1,0,134.39999389648438
494,0,0,0,0,-1,0,0,0,0,0,0,0,0,0,130.50999450683594
495,0,-1,0,-1,-1,0,0,0,0,0,0,0,0,0,121.27999877929688
496,0,0,0,0,-1,0,0,0,0,0,0,0,0,0,115.70999908447266
497,0,0,0,0,-1,0,0,0,0,0,0,0,0,0,116.55000305175781
498,0,0,0,0,-1,0,0,0,0,0,0,0,0,0,125.83999633789062
499,-1,0,0,0,-1,-1,0,0,0,0,0,0,0,0,125.0199966430664
500,0,0,0,0,-1,0,0,0,0,0,0,0,0,0,121.58000183105469
501,0,0,0,0,-1,0,0,-1,0,0,0,0,0,0,124.45999908447266
502,0,0,0,0,-1,0,0,0,0,0,0,0,0,0,124.47000122070312
503,0,0,0,1,-1,0,0,0,0,0,0,0,0,0,125.37999725341797
504,0,0,0,-1,-1,0,0,0,0,0,0,0,0,0,124.3499984741211
505,0,0,0,1,-1,0,0,0,1,0,0,0,0,0,125.16999816894531
506,0,0,0,-1,-1,0,-1,0,0,0,0,0,0,0,116.1500015258789
507,0,0,0,0,-1,0,0,0,-1,0,0,0,0,0,116.41999816894531
508,0,0,0,0,-1,0,0,1,0,0,0,0,0,0,115.83999633789062
509,0,0,0,0,-1,0,0,0,0,0,0,0,0,0,113.51000213623047
510,0,0,0,0,-1,0,0,0,0,0,0,0,0,0,113.23999786376953
511,0,0,0,0,-1,0,0,0,0,0,0,0,0,0,114.19999694824219
512,0,0,0,0,-1,0,0,0,0,0,0,0,0,0,115.95999908447266
513,0,0,0,0,-1,0,0,0,0,0,0,0,0,0,113.13999938964844
514,0,0,0,0,-1,0,0,0,0,0,0,0,0,0,111.62000274658203
515,0,0,0,0,-1,0,0,0,0,0,0,0,0,0,109.04000091552734
516,0,0,0,0,-1,0,0,0,0,0,0,0,0,0,111.80000305175781
517,0,0,0,0,-1,0,0,0,0,0,0,0,0,-1,113.5
518,0,0,0,0,-1,0,0,0,0,0,0,0,0,0,107.75
519,0,0,0,0,-1,0,0,0,1,0,0,0,0,0,113.54000091552734
520,0,0,0,0,-1,0,0,0,0,0,0,0,0,0,113.9000015258789
521,0,0,0,1,-1,0,0,0,0,0,-1,0,-1,0,120.01000213623047
522,0,0,0,0,-1,0,0,0,0,0,0,0,0,0,123.94999694824219
523,0,0,0,0,-1,0,0,0,0,0,0,0,0,0,122.29000091552734
524,0,0,0,0,-1,0,0,0,0,0,0,0,0,0,121.5199966430664
525,0,0,0,0,-1,0,0,-1,0,0,0,0,0,0,127.31999969482422
526,0,0,0,0,-1,0,0,0,0,0,0,0,0,0,124.48999786376953
527,0,0,0,-1,-1,0,0,0,0,0,0,0,0,0,118.80000305175781
528,0,0,0,0,-1,0,0,1,0,0,0,0,0,0,115.19000244140625
529,0,0,0,0,-1,0,0,0,-1,0,0,0,1,0,111.29000091552734
530,0,0,0,0,-1,0,0,0,0,0,0,0,0,0,108.79000091552734
531,0,0,0,0,-1,0,0,0,0,0,0,0,0,0,110.75
532,0,0,0,1,-1,0,0,0,0,0,0,0,0,0,115.36000061035156
533,0,0,0,0,-1,0,0,0,0,0,0,0,0,0,115.44999694824219
534,0,0,0,0,-1,0,0,0,1,0,0,0,0,0,124.55000305175781
535,0,0,0,0,-1,0,0,0,-1,0,0,0,0,0,121.36000061035156
536,0,0,0,0,-1,0,0,0,0,0,0,0,0,0,122.98999786376953
537,0,0,0,0,-1,0,0,-1,1,0,0,0,0,0,125.01000213623047
538,0,0,0,0,-1,0,0,0,0,0,0,0,0,0,119.56999969482422
539,0,0,0,0,-1,0,0,0,0,0,0,0,0,0,119.33000183105469
540,0,0,0,0,-1,0,0,0,0,0,0,0,0,0,120.48999786376953
541,0,0,0,0,-1,0,0,0,0,0,0,0,-1,0,123.37000274658203
542,0,0,0,0,-1,0,0,0,0,0,0,0,0,0,120.52999877929688
543,0,0,0,0,-1,0,0,0,0,0,0,0,0,0,128.10000610351562
544,0,0,0,0,1,0,0,0,0,0,0,0,0,0,131.25
545,1,0,0,0,-1,1,0,0,0,0,0,0,0,0,128.27000427246094
546,0,0,0,0,-1,0,0,0,0,0,0,0,0,0,128.8000030517578
547,0,0,0,0,1,0,0,0,0,0,0,0,0,0,130.63999938964844
548,0,0,0,0,-1,0,0,0,0,0,0,0,0,0,125.6500015258789
549,0,0,0,0,-1,0,0,0,0,0,0,0,0,0,128.67999267578125
550,0,0,0,0,1,0,0,0,0,0,0,0,0,0,129.49000549316406
551,0,0,0,0,1,0,0,0,0,0,0,0,0,0,137.0399932861328
552,0,0,0,0,1,0,0,0,0,0,0,0,0,0,135.38999938964844
553,0,0,0,0,1,0,0,0,0,0,0,0,0,0,135.58999633789062
554,0,0,0,0,1,0,0,0,0,0,0,0,0,0,137.47999572753906
555,0,0,0,0,1,0,0,0,0,0,0,0,0,0,142.25
556,0,0,0,0,1,0,0,0,0,0,0,0,0,0,143.0800018310547
557,0,0,0,0,1,0,0,0,0,0,0,0,0,0,142.0800018310547
558,0,0,0,0,1,0,0,0,0,0,0,0,0,0,140.1999969482422
559,0,0,0,0,1,0,0,0,0,0,0,0,0,0,136.77000427246094
560,0,0,0,0,1,0,0,0,0,0,0,0,0,1,139.19000244140625
561,0,0,0,0,1,0,0,1,0,0,0,0,0,0,137.4600067138672
562,0,1,0,0,1,0,0,0,0,0,0,0,0,0,139.83999633789062
563,0,0,0,0,1,0,0,0,0,0,0,0,0,0,140.41000366210938
564,0,0,0,0,1,0,0,-1,0,0,0,0,0,0,140.74000549316406
565,0,0,0,0,1,0,0,0,-1,0,0,0,0,0,139.75999450683594
566,0,0,0,0,1,0,0,0,0,0,0,0,0,0,138.44000244140625
567,0,0,0,0,1,0,0,0,0,0,0,0,0,0,141.0399932861328
568,0,0,0,0,1,0,0,0,1,0,0,0,0,0,142.92999267578125
569,0,0,0,0,1,0,0,0,0,0,0,0,0,0,141.77999877929688
570,0,0,0,0,1,0,0,0,0,0,0,0,0,0,144.77000427246094
571,0,0,1,0,1,0,0,0,0,0,0,0,0,-1,142.5500030517578
572,0,0,0,0,1,0,0,0,0,0,0,0,0,0,147.41000366210938
573,0,0,0,0,1,0,0,0,0,0,0,0,0,0,146.64999389648438
574,0,0,0,0,1,0,0,0,0,0,0,0,0,0,149.66000366210938
575,0,0,0,0,1,0,0,0,0,0,0,0,0,0,144.1300048828125
576,0,0,0,0,1,0,0,0,0,0,0,0,0,1,147.3300018310547
577,0,0,0,0,1,0,0,0,0,0,0,0,0,0,152.1699981689453
578,0,0,0,0,1,0,0,0,0,0,0,0,0,0,154.72999572753906
579,0,0,0,0,1,0,0,0,0,0,0,0,0,0,150.6300048828125
580,0,0,0,0,1,0,0,0,0,0,0,0,0,0,153.14999389648438
581,0,0,0,0,1,0,0,0,0,0,0,0,0,0,153.5
582,0,0,0,0,1,0,1,0,0,-1,0,0,0,0,165.36000061035156
583,0,0,0,0,1,0,0,0,0,0,0,0,0,0,168.72000122070312
584,0,0,0,0,1,0,0,0,0,0,0,0,0,0,164.99000549316406
585,0,0,0,0,1,0,0,0,0,0,0,0,0,0,166.10000610351562
586,0,0,0,0,1,0,0,0,0,0,0,0,0,0,165.61000061035156
587,0,0,0,0,1,0,0,1,0,0,0,0,0,0,159.2100067138672
588,0,0,0,0,1,0,0,0,0,0,0,0,0,0,157.3699951171875
589,0,0,0,0,1,0,0,0,0,0,0,0,0,0,161.82000732421875
590,0,0,0,0,1,0,0,0,0,0,0,0,0,0,159.4600067138672
591,0,0,0,0,1,0,0,0,0,0,0,0,0,0,159.92999267578125
592,0,0,0,0,1,0,0,0,-1,0,0,0,0,0,161.3000030517578
593,0,0,0,0,1,0,0,0,0,0,0,0,0,0,164.13999938964844
594,0,0,0,0,1,0,0,-1,1,0,0,0,0,0,167.02999877929688
595,0,0,0,0,1,0,0,0,-1,0,0,0,0,0,163.58999633789062
596,0,0,0,0,1,0,0,0,1,0,0,0,0,0,166.19000244140625
597,0,0,0,0,1,0,0,0,0,0,0,0,0,0,165.52000427246094
598,0,0,0,0,1,0,0,0,0,0,0,0,0,0,163.35000610351562
599,0,0,0,-1,1,0,0,1,0,0,0,0,0,0,162.83999633789062
600,0,0,0,1,1,0,0,0,0,0,0,0,0,0,164.33999633789062
601,0,0,0,-1,1,0,0,0,0,0,0,0,0,0,162.6199951171875
602,0,0,0,1,1,0,0,0,0,0,0,0,0,0,162.97000122070312
603,0,0,0,-1,1,0,0,0,-1,0,0,0,0,0,162.47999572753906
604,0,0,0,0,1,0,0,0,0,0,0,0,0,0,162.3000030517578
605,0,0,0,0,1,0,0,0,0,0,1,0,0,0,161.61000061035156
606,0,0,0,0,1,0,0,0,0,0,0,0,0,0,160.32000732421875
607,0,0,0,0,1,0,0,0,0,0,0,0,1,0,159.47999572753906
608,0,0,0,0,1,0,0,0,0,0,0,0,0,0,159.39999389648438
609,0,0,0,0,1,0,0,0,0,0,0,0,0,0,159.75
610,0,0,0,0,1,0,0,0,0,0,0,0,0,-1,160.88999938964844
611,0,0,0,0,1,0,0,0,1,0,0,0,-1,0,165.58999633789062
612,0,0,0,0,1,0,0,0,0,0,-1,0,0,0,167.10000610351562
613,0,0,0,0,1,0,0,0,0,0,0,0,0,0,164.1999969482422
614,0,0,0,0,1,0,0,0,-1,0,0,0,0,0,159.5500030517578
615,0,0,0,0,1,0,0,0,0,0,0,0,0,0,160.67999267578125
616,0,0,0,1,1,0,0,0,1,0,0,0,0,0,163.0399932861328
617,0,0,0,0,1,0,0,0,0,0,0,0,0,0,162.5
618,0,0,0,-1,1,0,0,0,-1,0,1,0,1,0,152.63999938964844
619,0,0,0,0,1,0,0,0,0,0,0,0,0,0,154.42999267578125
620,0,0,0,0,1,0,0,0,0,0,0,0,0,0,153.9499969482422
621,0,0,0,0,1,0,0,0,0,0,0,0,0,0,157.02999877929688
622,0,0,0,1,1,0,0,0,0,0,0,0,0,0,158.75
623,0,0,0,0,1,0,0,-1,0,0,0,0,0,0,160.58999633789062
624,0,0,0,-1,1,0,0,0,0,0,0,0,0,0,152.9199981689453
625,0,0,0,0,1,0,0,0,0,1,0,0,0,0,146.61000061035156
626,-1,0,0,0,1,-1,0,0,0,0,0,0,0,0,149.7100067138672
627,0,0,0,1,1,0,0,0,0,0,0,0,0,0,151.6300048828125
628,0,0,0,0,1,0,0,0,0,0,0,0,0,0,151.2100067138672
629,0,0,0,-1,1,0,0,0,0,0,0,0,0,0,151.11000061035156
630,0,0,0,1,1,0,0,0,0,0,0,0,0,1,151.4600067138672
631,0,0,0,0,1,0,0,0,0,0,0,0,0,0,151.5500030517578
632,0,0,0,0,1,0,0,0,0,0,0,0,0,-1,149.22999572753906
633,0,0,0,0,1,0,0,0,0,0,0,0,0,0,153.72000122070312
634,0,0,0,0,1,0,0,0,1,0,0,0,0,0,153.0
635,0,0,0,0,1,0,0,0,0,0,0,0,0,0,156.5
636,0,0,0,0,1,0,0,0,0,0,0,0,0,0,154.16000366210938
637,0,0,0,0,1,0,0,0,0,0,-1,0,0,0,155.5
638,0,0,0,0,1,0,0,0,0,0,0,0,-1,0,156.6999969482422
639,0,0,0,0,1,0,0,0,0,0,0,0,0,0,156.85000610351562
640,0,0,0,0,1,0,0,0,0,0,0,0,0,0,154.89999389648438
641,0,0,0,0,1,0,0,0,0,0,0,0,0,0,153.8800048828125
642,0,0,0,-1,1,0,0,1,0,0,0,0,0,0,152.25
643,0,0,0,1,1,0,0,0,-1,0,0,0,0,0,153.39999389648438
644,0,0,0,-1,-1,0,0,0,0,0,1,0,1,0,148.8300018310547
645,0,0,0,1,-1,0,0,0,0,0,0,0,0,0,149.10000610351562
646,0,0,0,0,-1,0,0,0,0,0,0,0,0,0,150.6300048828125
647,0,0,0,0,1,0,0,0,1,0,0,0,-1,0,157.5399932861328
648,0,0,0,0,1,0,0,-1,0,0,-1,0,0,0,162.57000732421875
649,0,0,0,0,1,0,0,0,0,0,0,0,0,0,157.22999572753906
650,0,0,0,0,1,0,0,0,0,0,0,0,0,0,159.5800018310547
651,0,0,0,0,1,0,0,0,0,0,0,0,0,0,163.11000061035156
652,0,0,0,0,1,0,0,0,0,0,0,0,0,0,162.89999389648438
653,0,0,0,0,1,0,0,0,0,0,0,0,0,0,168.08999633789062
654,0,0,0,0,1,0,0,0,0,0,0,0,0,0,170.64999389648438
655,0,0,0,0,1,0,0,0,0,0,0,0,0,0,171.3000030517578
656,0,0,0,0,1,0,0,0,0,0,0,0,0,0,171.77000427246094
657,0,0,0,0,1,0,0,0,0,-1,0,0,0,0,174.1999969482422
658,1,0,0,0,1,1,0,0,0,0,0,0,0,0,176.52000427246094
659,0,0,0,0,1,0,0,0,0,0,0,0,0,0,179.14999389648438
660,0,0,0,0,1,0,0,0,0,0,0,0,0,0,178.77000427246094
661,0,0,0,0,1,0,0,0,0,0,0,0,0,0,180.3000030517578
662,0,0,0,0,1,0,0,0,0,0,0,0,0,0,183.91000366210938
663,0,0,0,0,1,0,0,0,0,0,0,0,0,0,185.58999633789062
664,0,0,0,0,1,0,0,0,0,0,0,0,0,0,181.3699951171875
665,0,0,0,0,1,0,0,0,0,0,0,0,0,0,182.25
666,0,0,0,0,1,0,0,1,0,0,0,0,0,0,180.5800018310547
667,0,0,0,0,1,0,0,0,0,0,0,0,0,0,180.41000366210938
668,0,0,0,0,1,0,0,0,0,0,0,0,0,0,179.5
669,0,0,0,0,1,0,0,0,0,0,0,0,0,0,182.9199981689453
670,0,0,0,0,1,0,0,0,0,0,0,0,0,0,182.8699951171875
671,0,0,0,-1,1,0,0,0,-1,0,0,0,0,0,179.0500030517578
672,0,0,0,1,1,0,0,0,0,0,0,0,0,0,180.22000122070312
673,0,0,0,0,1,0,0,0,0,0,0,0,0,0,183.7100067138672
674,0,0,0,-1,1,0,0,0,1,0,0,0,0,0,183.5
675,0,0,0,1,1,0,0,0,0,0,0,0,0,0,188.30999755859375
676,0,0,0,-1,1,0,0,0,0,0,0,0,0,0,187.50999450683594
677,0,0,0,0,1,0,0,0,0,0,0,0,0,0,180.60000610351562
678,0,0,0,0,1,0,0,0,0,0,0,0,0,0,183.2100067138672
679,0,0,0,0,1,0,0,0,-1,0,1,0,1,0,176.8699951171875
680,0,0,0,0,1,0,0,0,0,0,0,0,0,0,176.30999755859375
681,0,0,0,0,1,0,0,0,0,0,0,0,0,0,178.47999572753906
682,0,0,0,0,1,0,0,0,0,0,0,0,0,0,177.1199951171875
683,0,0,0,0,1,0,0,0,0,0,0,0,0,0,176.5
684,0,0,0,0,1,0,0,0,0,0,0,0,0,0,175.75
685,0,0,0,0,1,0,0,0,0,0,0,0,0,0,182.41000366210938
686,0,0,0,0,1,0,0,0,0,0,0,0,0,0,179.0500030517578
687,0,0,0,0,1,0,0,0,0,0,0,0,0,0,175.52999877929688
688,0,0,0,0,1,0,0,0,0,0,0,0,0,0,174.57000732421875
689,0,0,0,0,1,0,0,0,0,0,0,0,0,0,172.80999755859375
690,0,0,0,0,1,0,0,0,1,0,0,1,0,0,183.42999267578125
691,0,0,0,0,1,0,0,0,0,0,-1,-1,-1,0,185.36000061035156
692,0,0,0,1,1,0,0,0,0,0,0,0,0,0,185.64999389648438
693,0,0,0,-1,1,0,0,0,0,0,0,0,0,0,185.38999938964844
694,0,0,0,0,1,0,0,0,0,0,0,0,0,0,182.5
695,0,0,0,1,1,0,0,0,0,0,0,0,0,0,185.3300018310547
696,0,0,0,0,1,0,0,0,0,0,0,0,0,0,186.1999969482422
697,0,0,0,0,1,0,0,-1,0,0,0,0,0,0,186.38999938964844
698,0,0,0,0,1,0,0,0,0,0,0,0,0,0,193.24000549316406
699,0,0,0,0,1,0,0,0,0,0,0,0,0,0,192.4600067138672
700,0,0,0,0,1,0,0,0,0,0,0,0,0,0,190.91000366210938
701,0,0,0,0,1,0,0,0,0,0,0,0,0,0,188.16000366210938
702,0,0,0,0,1,0,0,1,0,0,0,0,0,0,185.9600067138672
703,0,0,0,-1,1,0,0,0,-1,0,0,0,0,0,184.27999877929688
704,0,0,0,0,1,0,0,0,1,0,0,0,0,0,184.02999877929688
705,0,0,0,0,1,0,0,0,0,0,0,0,0,0,189.02999877929688
706,0,0,0,1,1,0,0,0,0,0,0,0,0,0,189.3800048828125
707,0,0,0,-1,1,0,0,0,0,0,0,0,0,0,187.0
708,0,0,0,0,1,0,0,0,-1,0,0,0,0,0,185.3300018310547
709,0,0,0,0,1,0,0,0,0,0,1,0,1,0,183.02999877929688
710,0,0,0,0,1,0,0,0,0,0,0,0,0,0,183.02999877929688
711,0,0,0,0,1,0,0,0,0,0,0,0,0,0,182.6699981689453
712,0,0,0,0,1,0,0,0,0,0,0,0,0,0,181.6300048828125
713,0,0,0,0,1,0,0,0,0,0,0,0,0,0,179.02000427246094
714,0,0,0,0,1,0,0,0,0,0,0,0,0,0,180.97000122070312
715,0,0,0,0,-1,0,0,0,0,1,0,0,0,0,171.27000427246094
716,0,0,0,0,1,0,0,0,0,0,0,0,0,0,173.1699981689453
717,0,0,0,0,-1,0,0,0,0,0,0,0,0,0,171.11000061035156
718,0,0,0,0,1,0,0,0,0,0,0,0,0,0,173.44000244140625
719,0,0,0,0,1,0,0,0,0,0,0,0,0,0,175.0399932861328
720,0,0,0,1,1,0,0,-1,0,0,0,0,0,0,177.7100067138672
721,0,0,0,0,1,0,0,0,0,0,0,0,0,0,179.42999267578125
722,0,0,0,-1,-1,0,0,0,0,0,0,0,0,0,172.08999633789062
723,0,0,0,1,1,0,0,0,0,0,0,0,0,0,173.6300048828125
724,0,0,0,0,1,0,0,0,0,0,0,0,0,0,178.72999572753906
725,0,0,0,0,1,0,0,0,1,0,0,0,0,0,178.52999877929688
726,0,0,0,0,1,0,0,0,0,0,0,0,0,0,175.86000061035156
727,0,0,0,0,1,0,0,0,0,0,0,0,0,0,178.19000244140625
728,-1,0,0,0,1,-1,0,0,0,0,-1,0,-1,0,183.14999389648438
729,0,0,0,0,1,0,0,0,0,0,0,0,0,0,183.10000610351562
730,0,0,0,0,1,0,0,0,0,0,0,0,0,0,185.50999450683594
731,0,0,0,0,1,0,0,0,0,0,0,0,0,0,181.8699951171875
732,0,0,0,0,-1,0,0,0,0,0,0,0,0,0,173.02999877929688
733,0,0,0,0,-1,0,0,1,0,0,1,0,0,0,173.6699981689453
734,0,0,0,0,1,0,0,0,0,0,-1,1,0,0,191.0399932861328
735,0,0,0,0,1,0,0,0,0,0,0,-1,0,0,189.57000732421875
736,0,0,0,0,1,0,0,0,0,0,0,0,0,0,187.5500030517578
737,0,0,0,0,1,0,0,0,0,0,0,0,0,0,188.25
738,0,0,0,0,1,0,0,0,0,0,0,0,0,0,184.77000427246094
739,0,0,0,0,1,0,0,0,0,0,0,0,0,0,185.77999877929688
740,0,0,0,0,1,0,0,0,0,0,0,0,0,0,187.00999450683594
741,0,0,0,0,1,0,0,0,0,0,0,0,0,0,187.05999755859375
742,0,0,0,0,1,0,0,0,0,0,0,0,0,0,188.9600067138672
743,0,0,0,0,1,0,0,-1,0,0,0,0,0,0,191.25
744,0,0,0,0,1,0,0,0,-1,0,0,0,0,0,187.58999633789062
745,0,0,0,0,1,0,0,0,0,0,0,0,0,0,187.4499969482422
746,0,0,0,0,1,0,0,1,0,0,0,0,0,0,184.99000549316406
747,0,0,0,0,1,0,0,0,0,0,0,0,0,0,186.02000427246094
748,0,0,0,0,1,0,0,0,1,0,0,0,1,0,185.67999267578125
749,1,0,0,-1,1,1,0,0,-1,0,0,0,0,0,184.83999633789062
750,0,0,0,1,1,0,0,0,0,0,0,0,0,0,186.94000244140625
751,0,0,0,-1,1,0,0,0,0,0,0,0,0,0,185.00999450683594
752,0,0,0,0,1,0,0,0,0,0,0,0,0,0,185.0
753,0,0,0,0,-1,0,0,0,0,0,1,0,0,0,181.80999755859375
754,0,0,0,0,-1,0,0,0,0,0,0,0,0,0,181.64999389648438
755,0,0,0,0,-1,0,0,0,0,0,0,0,0,0,180.07000732421875
756,0,0,0,0,1,0,0,0,1,0,0,0,0,0,186.60000610351562
757,0,0,0,0,1,0,0,0,-1,0,0,0,0,0,184.1699981689453
758,0,0,0,0,1,0,0,-1,1,0,0,0,0,0,185.6999969482422
759,0,0,0,0,1,0,0,0,0,0,0,0,0,0,185.07000732421875
760,0,0,0,0,1,0,0,0,-1,0,0,0,0,0,182.60000610351562
761,0,0,0,0,-1,0,0,0,0,0,0,0,0,0,181.27000427246094
762,0,0,0,0,1,0,0,0,0,0,0,0,0,0,182.88999938964844
763,0,0,0,0,1,0,0,0,1,0,0,0,0,0,182.55999755859375
764,0,0,0,0,-1,0,0,0,0,0,0,0,0,0,181.97000122070312
765,0,0,0,0,-1,0,0,0,0,0,0,0,0,0,181.02000427246094
766,0,0,0,0,1,0,0,0,-1,0,0,0,0,1,183.00999450683594
767,0,0,0,0,1,0,0,0,0,0,0,0,0,0,183.9499969482422
768,0,0,0,1,1,0,0,0,0,0,0,0,0,-1,184.97000122070312
769,0,0,0,-1,1,0,0,0,0,0,0,0,0,0,182.89999389648438
770,0,0,0,0,-1,0,0,0,0,0,0,0,0,0,180.75
771,0,0,0,0,-1,0,0,1,0,0,0,0,0,0,180.27000427246094
772,0,0,0,0,-1,0,0,0,0,0,0,0,0,0,182.22999572753906
773,0,0,0,0,-1,0,0,0,0,0,0,0,0,0,181.4600067138672
774,-1,0,0,0,-1,-1,0,0,0,0,0,0,0,0,178.8000030517578
775,0,0,0,0,-1,0,0,0,0,0,0,0,0,0,180.22999572753906
776,0,0,0,0,-1,0,0,0,0,0,0,0,0,0,180.66000366210938
777,0,0,0,1,1,0,0,0,0,0,0,0,0,0,183.4600067138672
778,0,0,0,0,1,0,0,-1,0,0,0,0,0,0,183.83999633789062
779,0,0,0,0,-1,0,0,0,0,0,0,0,0,0,181.0800018310547
780,0,0,0,-1,-1,0,0,0,0,0,0,0,0,0,174.9499969482422
781,0,0,0,1,-1,0,0,0,1,0,0,0,0,0,181.67999267578125
782,0,0,0,0,1,0,0,0,0,0,-1,0,-1,0,191.58999633789062
783,0,0,0,0,1,0,0,0,0,0,0,0,0,0,194.4600067138672
784,0,0,0,0,1,0,0,0,0,0,0,0,0,0,197.0399932861328
785,0,0,0,0,1,0,0,0,0,0,0,0,0,0,198.89999389648438
786,0,0,0,0,1,0,0,0,0,0,0,0,0,0,197.72000122070312
787,0,0,0,0,1,0,0,0,0,0,0,0,0,0,193.2100067138672
788,0,0,0,0,1,0,0,0,0,0,0,0,0,0,192.0
789,0,0,0,0,1,0,0,0,0,0,0,0,0,0,193.66000366210938
790,0,0,0,0,1,0,0,1,0,0,0,0,0,0,188.1300048828125
791,1,0,0,0,1,1,0,0,0,0,0,0,0,0,184.94000244140625
792,0,0,0,0,1,0,0,0,-1,0,0,0,0,0,185.36000061035156
793,0,0,0,0,1,0,0,0,0,0,0,0,0,0,186.72000122070312
794,0,0,0,0,1,0,0,0,0,0,0,0,0,0,185.97000122070312
795,0,0,0,0,1,0,0,0,0,0,0,0,0,0,193.52000427246094
796,0,0,0,0,1,0,0,0,0,0,0,0,0,0,191.1699981689453
797,0,0,0,0,1,0,0,-1,1,0,0,0,0,0,194.17999267578125
798,0,0,0,0,1,0,0,0,0,0,0,0,0,0,194.00999450683594
799,0,0,0,-1,1,0,0,0,0,0,0,0,0,0,193.94000244140625
800,0,0,0,0,1,0,0,0,-1,0,0,0,1,0,184.25
801,0,0,0,0,1,0,0,0,1,0,0,0,0,1,187.75
802,0,0,0,0,1,0,0,1,-1,0,0,0,0,0,184.72000122070312
803,0,0,0,0,1,0,0,0,0,0,0,0,0,0,184.41000366210938
804,0,0,0,0,-1,0,0,0,0,0,1,0,0,0,179.30999755859375
805,0,0,0,0,1,0,0,0,0,0,0,0,0,0,184.13999938964844
806,0,0,0,0,-1,0,0,0,0,0,0,0,0,0,183.36000061035156
807,0,0,0,0,1,0,0,-1,0,0,0,0,0,0,184.7899932861328
808,0,0,0,0,1,0,0,0,0,0,0,0,0,0,183.99000549316406
809,0,0,0,0,-1,0,0,0,0,0,0,0,0,0,182.3000030517578
810,0,0,0,0,-1,0,0,0,0,0,0,0,0,0,182.3300018310547
811,0,0,0,0,-1,0,0,1,0,0,0,0,0,0,181.5500030517578
812,0,0,0,0,-1,0,0,0,0,0,0,0,0,0,180.91000366210938
813,0,0,0,0,-1,0,0,0,0,0,0,0,0,0,180.39999389648438
814,0,0,0,0,1,0,0,0,1,0,0,0,0,0,185.3699951171875
815,0,0,0,0,1,0,0,0,0,0,-1,0,-1,0,188.32000732421875
816,0,0,0,0,-1,0,0,0,-1,0,0,0,0,-1,182.47999572753906
817,0,0,0,0,1,0,0,0,1,0,0,0,0,0,186.22999572753906
818,0,0,0,0,1,0,0,0,0,0,0,0,0,0,185.47999572753906
819,-1,0,0,0,1,-1,0,0,0,0,0,0,0,0,187.80999755859375
820,0,0,0,0,1,0,0,0,0,0,0,0,0,0,188.3000030517578
821,0,0,0,0,1,0,0,-1,0,0,0,0,0,0,190.44000244140625
822,0,0,0,0,1,0,0,0,0,0,0,0,0,0,189.8300018310547
823,0,0,0,1,1,0,0,0,0,0,0,0,0,0,190.33999633789062
824,0,0,0,-1,1,0,0,0,0,0,0,0,0,0,189.9499969482422
825,0,0,0,0,1,0,0,0,-1,0,0,0,0,0,186.89999389648438
826,0,0,0,0,-1,0,0,0,0,0,0,0,0,0,182.05999755859375
827,0,0,0,0,-1,0,0,0,0,0,1,0,0,0,183.00999450683594
828,0,0,0,0,-1,0,0,1,0,0,0,0,1,0,180.6300048828125
829,0,0,0,0,-1,0,0,0,0,0,0,0,0,0,175.05999755859375
830,0,0,0,0,-1,0,0,0,0,0,0,0,0,0,174.44000244140625
831,0,0,0,0,-1,0,0,0,0,0,0,0,0,0,174.6300048828125
832,0,0,0,0,-1,0,0,0,0,0,0,0,0,0,175.72000122070312
833,0,0,0,1,-1,0,0,0,0,0,0,0,0,0,178.35000610351562
834,0,0,0,-1,-1,0,0,0,0,0,0,0,0,0,176.91000366210938
835,0,0,0,0,-1,0,0,0,0,0,0,0,0,0,172.36000061035156
836,0,0,0,0,-1,0,0,0,0,0,0,0,0,0,172.99000549316406
837,0,0,0,0,-1,0,0,0,0,0,0,0,0,0,172.42999267578125
838,0,0,0,0,-1,0,0,0,0,0,0,0,0,0,170.44000244140625
839,0,0,0,0,-1,0,0,0,0,0,0,0,0,0,170.80999755859375
840,0,-1,0,0,-1,0,-1,0,0,0,0,0,0,0,165.6300048828125
841,0,0,0,0,-1,0,0,0,0,0,0,0,0,0,169.61000061035156
842,0,0,0,1,-1,0,0,0,0,0,0,0,0,0,172.4600067138672
843,0,0,0,-1,-1,0,0,0,0,0,0,0,0,0,169.47999572753906
844,0,0,0,1,-1,0,0,-1,0,0,0,0,0,0,171.27000427246094
845,0,0,-1,-1,-1,0,0,0,0,0,0,0,0,0,171.25999450683594
846,0,0,0,1,-1,0,0,0,0,0,0,0,0,0,171.63999938964844
847,0,0,0,0,-1,0,0,0,1,0,-1,0,0,0,173.85000610351562
848,0,0,0,0,-1,0,0,0,0,0,0,0,-1,0,174.7899932861328
849,0,0,0,0,-1,0,0,0,0,0,0,0,0,0,173.24000549316406
850,0,0,0,0,-1,0,0,0,0,0,0,0,0,0,172.75
851,0,0,0,0,-1,0,0,0,0,0,0,0,0,0,176.6199951171875
852,0,0,0,0,-1,0,0,0,0,0,0,0,0,0,173.55999755859375
853,0,0,0,0,-1,0,0,0,0,0,0,0,0,0,173.74000549316406
854,0,0,0,0,-1,0,0,0,0,0,0,0,0,0,173.66000366210938
855,0,0,0,-1,-1,0,0,0,-1,0,1,0,1,0,168.6199951171875
856,0,0,0,1,-1,0,0,0,0,0,0,0,0,0,170.24000549316406
857,0,0,0,-1,-1,0,0,1,0,0,0,0,0,0,165.0800018310547
858,0,0,0,1,-1,0,0,0,0,0,0,0,0,0,166.86000061035156
859,0,0,0,0,-1,0,0,0,0,0,0,0,0,0,166.97000122070312
860,0,0,0,0,-1,0,0,0,0,0,0,0,0,0,164.8800048828125
861,0,0,0,0,-1,0,0,0,0,0,0,0,0,0,165.50999450683594
862,0,0,0,0,-1,0,0,0,0,0,0,0,0,0,168.7100067138672
863,0,0,0,0,-1,0,0,0,0,0,0,0,0,0,164.9600067138672
864,0,0,0,-1,-1,0,0,0,0,0,0,0,0,0,163.42999267578125
865,0,0,0,1,-1,0,0,0,1,0,0,0,0,0,169.4499969482422
866,0,0,0,-1,-1,0,0,0,-1,0,0,0,0,0,167.80999755859375
867,0,0,0,0,-1,0,0,-1,1,0,0,0,0,0,168.75
868,0,0,0,0,-1,0,0,0,-1,0,0,0,0,0,164.86000061035156
869,0,0,0,0,-1,0,0,0,0,0,0,0,0,0,158.02000427246094
870,0,0,0,0,-1,0,0,1,0,0,0,0,0,0,158.7899932861328
871,0,0,0,0,-1,0,0,0,0,0,0,0,0,0,158.7899932861328
872,0,0,0,0,-1,0,0,0,0,0,0,0,0,0,157.8800048828125
873,0,0,0,0,-1,0,0,0,0,0,0,0,0,0,155.02999877929688
874,0,0,0,0,-1,0,0,0,0,0,0,0,0,0,154.75
875,0,0,0,0,-1,0,0,0,0,0,0,0,0,0,155.92999267578125
876,0,0,0,0,-1,0,0,0,0,0,0,0,0,0,155.2100067138672
877,0,0,0,0,-1,0,0,0,0,0,0,0,0,0,154.27000427246094
878,0,0,0,0,-1,0,0,0,0,0,0,0,0,0,155.66000366210938
879,0,0,0,0,-1,0,0,0,1,0,0,0,0,0,158.47000122070312
880,0,0,0,1,-1,0,0,0,0,0,0,0,0,0,159.5800018310547
881,0,0,0,0,-1,0,0,0,0,0,-1,0,0,0,162.77000427246094
882,0,0,0,0,-1,0,0,0,0,0,0,0,0,0,159.41000366210938
883,0,0,0,-1,-1,0,0,0,0,0,0,0,0,0,156.99000549316406
884,0,0,0,0,-1,0,0,0,0,0,0,0,0,0,156.02999877929688
885,0,0,0,0,-1,0,0,0,0,0,0,0,0,0,158.47000122070312
886,0,0,0,1,-1,0,0,0,0,0,0,0,0,0,160.3800048828125
887,0,0,0,-1,-1,0,0,-1,0,0,0,0,0,0,160.11000061035156
888,0,0,0,1,-1,0,0,0,0,0,0,0,0,0,160.64999389648438
889,0,0,0,0,-1,0,0,0,0,0,0,0,0,0,160.94000244140625
890,0,0,0,0,-1,0,0,0,0,0,0,0,-1,0,162.8300018310547
891,0,0,0,0,-1,0,0,0,-1,0,0,0,0,0,161.5
892,0,0,0,0,-1,0,0,0,1,0,0,0,0,0,163.94000244140625
893,0,0,0,0,-1,0,0,0,0,0,0,0,0,0,163.27999877929688
894,0,0,0,0,-1,0,0,0,0,0,0,0,0,0,160.2100067138672
895,0,0,0,-1,-1,0,0,0,0,0,0,0,0,0,160.10000610351562
896,0,0,0,1,-1,0,0,0,0,0,0,0,0,0,162.60000610351562
897,0,0,0,-1,-1,0,0,0,0,0,0,0,0,0,162.60000610351562
898,0,0,0,1,-1,0,0,0,0,0,0,0,0,0,163.89999389648438
899,0,0,0,-1,-1,0,0,0,0,0,0,0,0,0,161.41000366210938
900,0,0,0,1,-1,0,0,0,0,0,0,0,0,1,163.10000610351562
901,0,0,0,0,-1,0,0,0,0,0,0,0,0,0,163.27000427246094
902,0,0,0,-1,-1,0,0,0,-1,0,1,0,0,0,145.67999267578125
903,0,0,0,0,-1,0,0,0,0,0,0,0,1,0,135.1199951171875
904,0,0,0,0,-1,0,0,0,0,0,0,0,0,0,135.33999633789062
905,0,0,0,0,-1,0,0,1,0,0,0,0,0,0,129.63999938964844
906,0,0,0,0,-1,0,0,0,0,0,0,0,0,0,135.3800048828125
907,0,0,0,0,-1,0,0,0,0,0,0,0,0,0,137.5500030517578
908,0,0,0,0,-1,0,0,0,0,0,0,0,0,0,135.25999450683594
909,0,0,0,0,-1,0,0,0,0,0,0,0,0,0,134.02000427246094
910,0,0,0,0,-1,0,0,0,0,0,0,0,0,0,132.83999633789062
911,0,0,0,0,-1,0,0,0,0,0,0,0,0,0,133.6999969482422
912,0,0,0,0,-1,0,0,0,0,0,0,0,0,0,131.6300048828125
913,0,0,0,0,-1,0,0,0,0,0,0,0,0,0,131.27000427246094
914,0,0,0,0,-1,0,0,0,0,0,0,0,0,0,131.9499969482422
915,0,0,0,0,-1,0,0,0,0,0,0,0,0,0,127.94000244140625
916,0,0,0,0,-1,0,0,0,0,0,0,0,0,0,128.05999755859375
917,0,0,0,0,-1,0,0,0,0,0,0,0,0,0,129.7100067138672
918,0,0,0,0,-1,0,0,0,0,0,0,0,0,0,128.41000366210938
919,0,0,0,1,-1,0,0,-1,0,0,0,0,0,0,129.1999969482422
920,0,0,0,-1,-1,0,0,0,0,0,0,0,0,0,128.4600067138672
921,0,0,0,0,-1,0,0,0,0,0,0,0,0,0,127.95999908447266
922,0,0,0,0,-1,0,0,0,0,0,0,0,0,0,128.8000030517578
923,0,0,0,1,-1,0,0,0,0,0,0,0,0,0,129.64999389648438
924,0,0,0,0,-1,0,0,0,0,0,0,0,0,0,130.63999938964844
925,0,0,0,0,-1,0,0,0,1,0,0,0,0,0,131.1300048828125
926,0,0,0,0,-1,0,0,0,0,0,-1,0,-1,0,133.0800018310547
927,0,0,0,0,-1,0,0,0,0,0,0,0,0,0,131.77999877929688
928,0,0,0,0,-1,0,0,0,0,0,0,0,0,0,128.5
929,0,0,0,0,-1,0,0,0,0,0,0,0,0,0,129.69000244140625
930,0,0,0,0,-1,0,0,0,0,0,0,0,0,0,129.9199981689453
931,0,0,0,0,-1,0,0,0,0,0,0,0,0,0,135.50999450683594
932,0,0,0,0,-1,0,0,0,0,0,0,0,0,0,136.92999267578125
933,0,0,0,0,-1,0,0,0,0,0,0,0,0,0,136.92999267578125
934,0,0,0,0,-1,0,0,0,0,0,0,0,0,0,137.0
935,0,0,0,0,-1,0,0,0,0,0,0,0,0,0,137.08999633789062
936,0,0,0,0,-1,0,0,0,0,0,0,0,0,0,141.27000427246094
937,0,0,0,0,-1,0,0,0,0,0,0,0,0,0,142.00999450683594
938,0,0,0,0,-1,0,0,0,0,0,0,0,0,0,144.00999450683594
939,0,0,0,0,-1,0,0,0,0,-1,0,0,0,0,146.66000366210938
940,0,0,0,0,-1,0,0,0,0,0,0,0,0,0,147.5800018310547
941,0,0,0,0,-1,0,0,0,0,0,0,0,0,0,149.5800018310547
942,0,0,0,0,-1,0,0,0,0,0,0,0,0,0,147.5500030517578
943,0,0,0,0,-1,0,0,0,0,0,0,0,0,0,147.5399932861328
944,0,0,0,0,-1,0,0,0,0,0,0,0,0,0,151.2899932861328
945,0,0,0,0,1,0,0,0,0,0,0,0,0,0,153.00999450683594
946,0,0,0,0,1,0,0,0,0,0,0,0,0,0,151.75999450683594
947,0,0,0,0,1,0,0,0,0,0,0,0,0,0,151.16000366210938
948,1,0,0,0,-1,1,0,1,0,0,0,0,0,0,150.47000122070312
949,0,0,0,0,1,0,0,0,0,0,0,0,0,0,150.9600067138672
950,0,0,0,0,1,0,0,0,0,0,0,0,0,-1,150.6699981689453
951,0,0,0,-1,-1,0,0,0,-1,0,0,0,0,0,149.00999450683594
952,0,0,0,0,-1,0,0,0,0,0,0,0,1,0,146.24000549316406
953,0,0,0,0,-1,0,0,0,0,0,1,0,0,0,143.9199981689453
954,0,0,0,0,-1,0,0,0,0,0,0,0,0,0,143.69000244140625
955,0,0,0,0,-1,0,0,0,0,0,0,0,0,0,145.35000610351562
956,0,0,0,0,-1,0,0,0,0,0,0,0,0,0,145.08999633789062
957,0,0,0,0,-1,0,0,0,0,0,0,0,0,0,142.97999572753906
958,0,0,0,0,-1,0,0,0,0,0,0,0,0,0,144.75
959,0,0,0,0,-1,0,0,0,0,0,0,0,0,0,143.92999267578125
960,0,0,0,0,-1,0,0,0,0,0,0,0,0,0,143.22000122070312
961,0,0,0,0,-1,0,0,0,0,0,0,0,0,0,142.16000366210938
962,0,0,0,0,-1,0,0,0,0,0,0,0,0,0,142.30999755859375
963,0,0,0,0,-1,0,0,0,1,0,0,0,0,0,145.3800048828125
964,0,0,0,0,-1,0,0,0,0,0,0,0,0,0,146.25999450683594
965,0,0,0,1,1,0,0,0,0,0,-1,0,-1,0,149.6699981689453
966,0,0,0,0,1,0,0,0,0,0,0,0,0,0,153.97000122070312
967,0,0,0,0,1,0,0,0,0,0,0,0,0,0,147.8000030517578
968,0,0,0,0,1,0,0,0,0,0,0,0,0,0,150.2899932861328
969,0,0,0,0,1,0,0,0,0,0,0,0,0,0,158.8000030517578
970,0,0,0,0,1,0,0,0,0,0,0,0,0,0,161.6699981689453
971,0,0,0,0,1,0,0,0,0,0,0,0,0,0,159.57000732421875
972,0,0,0,0,1,0,0,0,0,0,0,0,0,0,161.13999938964844
973,0,0,0,0,1,0,0,0,0,0,0,0,0,0,158.92999267578125
974,0,0,0,0,1,0,0,0,0,0,0,0,0,0,156.9199981689453
975,0,0,0,0,1,0,0,0,0,0,0,0,0,0,152.80999755859375
976,0,0,0,0,1,0,0,0,-1,0,0,0,0,0,151.50999450683594
977,0,0,0,0,1,0,0,0,1,0,0,0,0,0,151.0399932861328
978,0,0,0,0,1,0,0,0,0,0,0,0,0,0,152.22000122070312
979,0,0,0,-1,1,0,0,0,-1,0,0,0,0,0,151.50999450683594
980,0,0,0,1,1,0,0,0,0,0,0,0,0,0,152.22999572753906
981,0,0,0,0,1,0,0,0,0,0,0,0,0,0,154.0800018310547
982,0,0,0,0,1,0,0,0,0,0,0,0,0,0,154.10000610351562
983,0,0,0,-1,1,0,0,0,0,0,0,0,1,0,150.5800018310547
984,0,0,0,0,1,0,0,0,0,0,0,0,0,0,151.08999633789062
985,0,0,0,1,1,0,0,0,0,0,0,0,0,0,151.16000366210938
986,0,0,0,0,1,0,0,0,1,0,0,0,0,0,156.0399932861328
987,0,0,0,0,1,0,0,0,0,0,0,0,0,0,157.16000366210938
988,0,0,0,0,1,0,0,0,0,0,0,0,0,0,156.35000610351562
989,0,0,0,0,1,0,0,0,0,0,0,0,0,0,153.86000061035156
990,0,0,0,-1,1,0,0,0,-1,0,0,0,0,0,150.66000366210938
991,0,0,0,1,1,0,0,0,1,0,0,0,0,0,154.25
992,0,0,0,0,1,0,0,0,0,0,0,0,0,0,155.89999389648438
993,0,0,0,0,1,0,0,0,0,0,0,0,-1,0,158.6699981689453
994,0,0,0,0,1,0,0,-1,0,0,0,0,0,0,158.99000549316406
995,0,0,0,0,1,0,0,0,0,0,0,0,0,0,157.05999755859375
996,0,0,0,0,1,0,0,0,0,0,0,0,0,0,156.5800018310547
997,0,0,0,0,1,0,0,1,-1,0,0,0,0,0,155.8300018310547
998,0,0,0,0,1,0,0,0,1,0,0,0,0,0,159.30999755859375
999,0,0,0,0,1,0,0,0,0,0,0,0,0,0,160.1999969482422
1000,0,0,0,0,1,0,0,-1,0,0,0,0,0,0,167.1999969482422
1001,0,0,0,0,1,0,0,0,0,0,0,0,0,0,168.82000732421875
1002,0,0,0,0,1,0,0,0,0,0,0,0,0,0,171.1199951171875
1003,0,0,0,0,1,0,0,0,0,0,0,0,0,0,173.99000549316406
1004,0,0,0,0,1,0,0,0,0,0,0,0,0,0,172.44000244140625
1005,0,1,0,0,1,0,1,0,0,0,0,0,0,0,172.5800018310547
1006,0,0,0,0,1,0,0,0,0,0,0,0,0,0,172.85000610351562
