Date,ma30_50_signal,ma30_200_signal,ma50_200_signal,obv_signal,macd_signal,adx_signal,stoch_signal,roc_signal,rsi_signal,cci_signal,atr_signal,wpr_signal,bb_signal,cdc_signal,sar_signal,close_price,adj_close_price
2018-01-03,-1,1,1,-1,0,0,0,1,0,0,-1,0,0,-1.0,-1,46.75,37.84751510620117
2018-01-04,0,0,0,0,0,0,0,-1,0,0,0,0,0,-1.0,0,45.5,36.83555221557617
2018-01-05,0,0,0,0,0,0,0,0,0,1,0,1,0,-1.0,1,44.0,35.62119674682617
2018-01-08,0,-1,0,0,0,0,0,0,0,0,0,0,0,-1.0,0,44.25,35.823585510253906
2018-01-09,0,0,0,0,0,0,0,0,0,0,0,0,0,-1.0,0,44.5,36.02597427368164
2018-01-10,0,0,0,0,0,0,1,0,0,0,0,0,0,-1.0,0,43.5,35.216400146484375
2018-01-11,0,0,0,0,0,0,0,0,0,0,0,0,0,-1.0,0,43.0,34.81161880493164
2018-01-12,0,0,0,0,0,0,0,0,0,0,0,0,0,-1.0,0,42.25,34.20443344116211
2018-01-15,0,0,0,0,0,0,0,0,0,0,0,0,0,-1.0,0,42.5,34.40683364868164
2018-01-16,0,0,0,0,0,0,0,0,0,0,0,0,0,-1.0,-1,43.75,35.41879653930664
2018-01-17,0,0,0,1,0,0,0,0,0,0,0,0,0,-1.0,0,44.25,35.823585510253906
2018-01-18,0,0,0,-1,0,0,0,0,0,0,0,0,0,-1.0,0,43.75,35.41879653930664
2018-01-19,0,0,0,0,0,0,0,0,0,0,0,0,0,-1.0,0,43.0,34.81161880493164
2018-01-22,0,0,-1,0,0,0,0,0,0,0,0,0,0,-1.0,1,43.25,35.01401138305664
2018-01-23,0,0,0,0,0,0,0,0,0,0,0,0,0,-1.0,0,43.25,35.01401138305664
2018-01-24,0,0,0,1,0,0,0,1,0,0,0,0,0,-1.0,0,43.75,35.41879653930664
2018-01-25,0,0,0,-1,0,0,0,-1,0,0,0,0,0,-1.0,0,42.0,34.002044677734375
2018-01-26,0,0,0,0,0,0,0,1,0,0,0,0,0,-1.0,0,42.5,34.40683364868164
2018-01-29,0,0,0,0,0,0,0,0,0,0,0,0,0,-1.0,0,43.0,34.81161880493164
2018-01-30,0,0,0,0,0,0,0,-1,0,0,0,0,0,-1.0,0,43.0,34.81161880493164
2018-01-31,0,0,0,0,0,0,0,0,0,0,0,0,0,-1.0,-1,42.5,34.40683364868164
2018-02-01,0,0,0,0,0,0,0,0,0,0,0,0,0,-1.0,1,42.25,34.20443344116211
2018-02-02,0,0,0,0,0,0,0,0,0,0,0,0,0,-1.0,0,41.5,33.597259521484375
2018-02-05,0,0,0,0,0,0,0,0,0,0,0,0,1,-1.0,-1,43.25,35.01401138305664
2018-02-06,0,0,0,0,0,0,0,0,0,0,0,0,0,-1.0,0,42.75,34.609222412109375
2018-02-07,0,0,0,0,0,0,0,0,0,0,0,0,0,-1.0,0,42.0,34.002044677734375
2018-02-08,0,0,0,0,0,0,0,1,0,0,0,-1,0,0.5,0,43.25,35.01401138305664
2018-02-09,0,0,0,1,0,0,-1,0,0,-1,0,0,0,0.5,0,43.5,35.216400146484375
2018-02-12,0,0,0,0,0,0,0,-1,0,0,0,0,0,0.5,0,42.75,34.609222412109375
2018-02-13,0,0,0,0,0,0,0,0,0,0,0,0,0,0.5,0,43.0,34.81161880493164
2018-02-14,0,0,0,0,0,0,0,0,0,0,0,0,0,-1.0,1,42.25,34.20443344116211
2018-02-15,0,0,0,0,0,0,0,1,0,0,0,0,0,-1.0,0,42.75,34.609222412109375
2018-02-16,0,0,0,0,0,0,1,0,0,0,0,0,0,-1.0,0,42.0,34.002044677734375
2018-02-19,0,0,0,0,1,0,0,-1,0,0,0,0,0,-1.0,0,42.25,34.20443344116211
2018-02-20,0,0,0,0,0,0,0,0,0,0,0,0,0,-1.0,0,42.5,34.40683364868164
2018-02-21,0,0,0,0,0,0,0,0,0,0,0,0,0,-1.0,0,42.0,34.002044677734375
2018-02-22,0,0,0,0,0,0,0,0,0,1,0,0,0,-1.0,0,41.75,33.79965591430664
2018-02-23,0,0,0,0,0,0,0,0,0,0,0,0,0,-1.0,0,42.25,34.20443344116211
2018-02-26,0,0,0,0,0,0,0,0,0,0,0,0,0,-1.0,0,42.0,34.002044677734375
2018-02-27,0,0,0,-1,-1,0,0,0,0,0,0,1,0,-1.0,0,41.0,33.19247055053711
2018-02-28,0,0,0,0,0,0,0,0,0,0,0,0,0,-1.0,0,41.25,33.394859313964844
2018-03-02,0,0,0,0,0,-1,0,0,0,0,0,0,0,-1.0,0,39.5,31.97811508178711
2018-03-05,0,0,0,0,0,0,0,0,1,0,0,0,0,-1.0,0,37.75,30.561359405517578
2018-03-06,0,0,0,0,0,0,0,0,0,0,0,0,0,-1.0,0,33.75,27.323074340820312
2018-03-07,0,0,0,0,0,0,0,0,0,0,0,0,0,-1.0,0,34.5,27.93025016784668
2018-03-08,0,0,0,0,0,0,0,0,0,0,0,0,0,-1.0,0,34.25,27.727855682373047
2018-03-09,0,0,0,0,0,0,0,0,0,0,0,0,0,-1.0,0,34.25,27.727855682373047
2018-03-12,0,0,0,1,0,0,0,0,0,0,0,0,0,-1.0,0,34.5,27.93025016784668
2018-03-13,0,0,0,0,0,0,-1,0,0,0,0,0,0,-1.0,0,35.0,28.335033416748047
2018-03-14,0,0,0,0,0,0,0,0,0,0,0,0,0,-1.0,0,34.5,28.751728057861328
2018-03-15,0,0,0,0,0,0,0,0,0,0,0,0,0,-1.0,0,34.5,28.751728057861328
2018-03-16,0,0,0,0,0,0,0,0,0,0,0,0,0,-1.0,-1,36.0,30.001806259155273
2018-03-19,0,0,0,0,0,0,0,0,0,0,0,0,0,-1.0,0,34.75,28.960079193115234
2018-03-20,0,0,0,0,0,0,0,1,0,0,0,0,0,-1.0,1,34.5,28.751728057861328
2018-03-21,0,0,0,0,1,0,0,0,0,0,0,0,0,-1.0,0,35.25,29.37677001953125
2018-03-22,0,0,0,0,0,0,0,0,0,0,0,0,0,-1.0,0,34.5,28.751728057861328
2018-03-23,0,0,0,0,0,0,0,-1,0,0,0,0,0,-1.0,0,33.25,27.709999084472656
2018-03-26,0,0,0,-1,-1,0,1,0,0,0,0,0,0,-1.0,0,32.25,26.876617431640625
2018-03-27,0,0,0,1,0,0,0,0,0,0,0,0,0,-1.0,0,33.0,27.50165367126465
2018-03-28,0,0,0,-1,0,0,0,0,0,0,0,0,0,-1.0,0,31.5,26.2515811920166
2018-03-29,0,0,0,1,0,0,0,0,0,0,0,0,0,-1.0,0,32.5,27.084962844848633
2018-03-30,0,0,0,-1,0,0,0,0,0,0,0,0,0,-1.0,0,32.25,26.876617431640625
2018-04-02,0,0,0,0,1,0,-1,0,0,0,0,0,0,-1.0,-1,32.5,27.084962844848633
2018-04-03,0,0,0,0,0,0,0,0,0,0,0,0,0,-1.0,0,32.0,26.668272018432617
2018-04-04,0,0,0,0,0,0,0,0,0,0,0,0,0,-1.0,1,31.5,26.2515811920166
2018-04-05,0,0,0,0,0,0,0,0,0,0,0,0,0,-1.0,0,32.25,26.876617431640625
2018-04-09,0,0,0,0,0,0,0,0,0,0,0,0,0,-1.0,-1,33.0,27.50165367126465
2018-04-10,0,0,0,1,0,0,0,1,0,0,0,0,0,0.5,0,34.25,28.543380737304688
2018-04-11,0,0,0,0,0,0,0,0,0,-1,0,-1,0,0.5,0,34.75,28.960079193115234
2018-04-12,0,0,0,0,0,0,0,0,0,0,0,0,0,0.5,0,34.25,28.543380737304688
2018-04-17,0,0,0,0,0,0,0,0,0,0,0,0,0,0.5,0,34.0,28.335039138793945
2018-04-18,0,0,0,0,0,0,0,0,0,0,0,0,0,0.5,0,34.5,28.751728057861328
2018-04-19,0,0,0,0,0,0,0,0,0,0,0,0,0,0.5,0,34.5,28.751728057861328
2018-04-20,0,0,0,0,0,0,0,0,0,0,0,0,0,0.5,0,34.75,28.960079193115234
2018-04-23,0,0,0,0,0,0,0,0,0,0,0,0,0,0.5,0,35.75,29.793458938598633
2018-04-24,0,0,0,0,0,0,0,0,0,0,0,0,0,0.5,0,35.75,29.793458938598633
2018-04-25,0,0,0,0,0,0,0,0,0,0,0,0,0,0.5,0,35.5,29.58511734008789
2018-04-26,0,0,0,0,0,0,0,0,0,0,0,0,0,0.5,0,35.25,29.37677001953125
2018-04-27,0,0,0,0,0,0,0,-1,0,0,0,0,0,0.5,1,34.25,28.543380737304688
2018-04-30,0,0,0,0,0,0,0,1,0,0,0,0,0,0.5,0,34.75,28.960079193115234
2018-05-02,0,0,0,0,0,0,0,0,0,0,0,0,0,-1.0,0,34.5,28.751728057861328
2018-05-03,0,0,0,0,0,0,0,0,0,0,0,0,0,0.5,-1,35.25,29.37677001953125
2018-05-04,0,0,0,0,0,0,0,0,0,0,0,0,0,1.0,0,35.5,29.58511734008789
2018-05-07,0,0,0,0,0,0,0,0,0,0,0,0,0,1.0,0,35.5,29.58511734008789
2018-05-08,0,0,0,0,0,0,0,0,0,0,0,0,0,1.0,0,37.0,30.835187911987305
2018-05-09,0,0,0,0,0,0,0,0,0,0,0,0,0,1.0,0,36.25,30.21015167236328
2018-05-10,0,0,0,-1,0,0,0,0,0,0,0,0,0,1.0,0,36.0,30.001806259155273
2018-05-11,0,0,0,0,0,0,1,0,0,0,0,0,0,1.0,1,35.5,29.58511734008789
2018-05-14,0,0,0,1,0,0,0,0,0,0,0,0,0,1.0,0,36.5,30.41849708557129
2018-05-15,0,0,0,-1,0,0,0,0,0,0,0,0,0,1.0,0,35.75,29.793458938598633
2018-05-16,1,0,0,0,0,0,0,0,0,0,0,0,0,1.0,0,35.5,29.58511734008789
2018-05-17,0,0,0,0,0,0,0,0,0,0,0,0,0,-0.5,0,35.5,29.58511734008789
2018-05-18,0,0,0,0,0,0,0,0,0,0,0,0,0,1.0,-1,35.5,29.58511734008789
2018-05-21,0,0,0,0,0,0,0,0,0,0,0,0,0,1.0,0,36.5,30.41849708557129
2018-05-22,0,0,0,0,0,0,0,-1,0,0,0,0,0,1.0,0,36.25,30.21015167236328
2018-05-23,0,0,0,0,0,0,0,0,0,0,0,0,0,1.0,0,36.25,30.21015167236328
2018-05-24,0,0,0,0,0,0,0,0,0,0,0,0,0,1.0,1,35.75,29.793458938598633
2018-05-25,0,0,0,0,-1,0,0,0,0,1,0,1,0,-0.5,0,34.75,28.960079193115234
2018-05-28,0,0,0,0,0,0,0,0,0,0,0,0,0,-0.5,0,35.25,29.37677001953125
2018-05-30,0,0,0,0,0,0,0,0,0,0,0,0,0,-0.5,0,34.5,28.751728057861328
2018-05-31,0,0,0,0,0,0,0,0,0,0,0,0,0,-1.0,0,34.25,28.543380737304688
2018-06-01,0,0,0,0,0,0,0,0,0,0,0,0,0,-1.0,0,34.0,28.335039138793945
2018-06-04,0,0,0,0,0,0,0,0,0,0,0,0,0,-1.0,0,33.75,28.126693725585938
2018-06-05,0,0,0,0,0,0,0,0,0,0,0,0,0,-1.0,0,34.0,28.335039138793945
2018-06-06,0,0,0,0,0,0,0,0,0,0,0,0,0,-1.0,-1,34.5,28.751728057861328
2018-06-07,0,0,0,0,0,0,0,0,0,0,0,0,0,-1.0,0,34.0,28.335039138793945
2018-06-08,0,0,0,0,0,0,-1,0,0,0,0,0,0,-1.0,0,34.5,28.751728057861328
2018-06-11,0,0,0,0,0,0,0,0,0,0,0,0,0,-1.0,0,34.75,28.960079193115234
2018-06-12,0,0,0,0,0,0,0,0,0,0,0,0,0,0.5,0,34.5,28.751728057861328
2018-06-13,0,0,0,0,0,0,0,1,0,0,0,0,0,0.5,0,34.75,28.960079193115234
2018-06-14,0,0,0,0,0,0,0,0,0,0,0,0,0,-1.0,1,34.25,28.543380737304688
2018-06-15,0,0,0,1,1,0,0,0,0,-1,0,0,0,0.5,-1,35.0,29.16841697692871
2018-06-18,0,0,0,-1,0,0,0,0,0,0,0,0,-1,0.5,1,34.25,28.543380737304688
2018-06-19,0,0,0,0,-1,0,0,-1,0,1,0,0,0,-1.0,0,33.0,27.50165367126465
2018-06-20,0,0,0,0,0,0,0,0,0,0,0,0,0,-1.0,0,33.25,27.709999084472656
2018-06-21,-1,0,0,1,0,0,0,0,0,0,0,0,0,-1.0,0,33.5,27.91834259033203
2018-06-22,0,0,0,0,0,0,0,0,0,0,0,0,0,-1.0,0,33.75,28.126693725585938
2018-06-25,0,0,0,0,0,0,0,0,0,0,0,0,0,-1.0,0,33.0,27.50165367126465
2018-06-26,0,0,0,-1,0,0,0,0,0,0,0,0,0,-1.0,0,31.75,26.459924697875977
2018-06-27,0,0,0,0,0,0,1,0,0,0,0,0,0,-1.0,0,31.75,26.459924697875977
2018-06-28,0,0,0,0,0,0,0,0,0,0,0,0,0,-1.0,0,30.75,25.626541137695312
2018-06-29,0,0,0,0,0,0,0,0,0,0,1,0,0,-1.0,-1,33.0,27.50165367126465
2018-07-02,0,0,0,1,0,0,0,0,0,0,-1,0,0,-1.0,0,33.75,28.126693725585938
2018-07-03,0,0,0,0,1,0,0,1,0,0,0,0,0,0.5,0,33.5,27.91834259033203
2018-07-04,0,0,0,0,0,0,0,0,0,0,0,0,0,0.5,0,33.5,27.91834259033203
2018-07-05,0,0,0,0,0,0,-1,0,0,0,0,0,0,0.5,0,33.75,28.126693725585938
2018-07-06,0,0,0,0,0,0,0,0,0,-1,0,-1,0,0.5,0,35.25,29.37677001953125
2018-07-09,0,0,0,0,0,0,0,0,0,0,0,0,0,0.5,0,35.0,29.16841697692871
2018-07-10,0,0,0,0,0,0,0,0,0,0,0,0,0,0.5,0,35.0,29.16841697692871
2018-07-11,0,0,0,0,0,0,0,0,0,0,0,0,0,1.0,0,35.25,29.37677001953125
2018-07-12,0,0,0,0,0,0,0,0,0,0,0,0,0,1.0,0,36.0,30.001806259155273
2018-07-13,0,0,0,0,0,0,0,0,0,0,0,0,0,1.0,0,36.5,30.41849708557129
2018-07-16,0,0,0,0,0,0,0,0,0,0,0,0,0,1.0,0,36.75,30.626846313476562
2018-07-17,0,0,0,0,0,0,0,0,0,0,0,0,0,1.0,0,37.0,30.835187911987305
2018-07-18,0,0,0,0,0,0,0,0,0,0,0,0,0,1.0,0,37.0,30.835187911987305
2018-07-19,0,0,0,0,0,0,0,0,0,0,0,0,0,1.0,0,36.75,30.626846313476562
2018-07-20,0,0,0,0,0,0,0,0,0,0,0,0,1,1.0,0,36.75,30.626846313476562
2018-07-23,0,0,0,0,0,0,0,0,0,0,0,0,0,1.0,1,36.25,30.21015167236328
2018-07-24,0,0,0,0,0,0,0,0,0,0,0,0,0,1.0,0,36.5,30.41849708557129
2018-07-25,0,0,0,0,0,0,0,0,0,0,0,0,0,1.0,-1,36.5,30.41849708557129
2018-07-26,0,0,0,0,0,0,0,0,0,0,0,0,0,1.0,1,36.5,30.41849708557129
2018-07-31,0,0,0,0,0,0,0,-1,0,0,0,0,0,1.0,0,36.0,30.001806259155273
2018-08-01,0,0,0,0,-1,0,1,0,0,0,0,0,0,1.0,0,36.0,30.001806259155273
2018-08-02,1,0,0,0,0,0,0,0,0,1,0,0,0,-0.5,0,36.0,30.001806259155273
2018-08-03,0,0,0,0,0,0,0,0,0,0,0,0,0,1.0,-1,36.75,30.626846313476562
2018-08-06,0,0,0,0,1,0,0,1,0,-1,0,0,0,1.0,0,37.5,31.251880645751953
2018-08-07,0,0,0,0,0,0,-1,0,-1,0,0,0,0,1.0,0,38.25,31.87691879272461
2018-08-08,0,0,0,0,0,0,0,0,0,0,0,0,0,1.0,0,38.5,32.085262298583984
2018-08-09,0,0,0,0,0,0,0,0,0,0,0,0,0,1.0,0,38.75,32.29360580444336
2018-08-10,0,0,0,0,0,0,0,0,0,0,0,0,0,1.0,1,38.25,31.87691879272461
2018-08-14,0,0,0,0,0,0,0,0,0,0,0,0,0,1.0,-1,39.25,32.710304260253906
2018-08-15,0,0,0,0,0,0,0,0,0,0,0,0,0,1.0,0,39.25,32.710304260253906
2018-08-16,0,0,0,0,0,0,0,0,0,0,0,0,0,1.0,0,38.5,32.085262298583984
2018-08-17,0,0,0,0,0,0,0,0,0,0,0,0,0,1.0,1,38.0,31.668569564819336
2018-08-20,0,0,0,0,-1,0,0,0,0,0,0,0,0,1.0,0,38.0,31.668569564819336
2018-08-21,0,0,0,-1,0,0,0,-1,0,0,0,1,0,-0.5,0,36.25,30.21015167236328
2018-08-22,0,0,0,0,0,0,0,0,0,1,0,0,0,-0.5,0,35.75,29.793458938598633
2018-08-23,0,0,0,0,0,0,0,0,0,0,0,0,0,-0.5,0,36.75,30.626846313476562
2018-08-24,0,0,0,0,0,0,0,0,0,0,0,0,0,-0.5,-1,37.75,31.460224151611328
2018-08-27,0,0,0,0,0,0,0,0,0,0,0,0,0,-0.5,0,37.5,31.251880645751953
2018-08-28,0,0,0,0,0,0,0,0,0,0,0,0,0,1.0,0,37.25,31.043527603149414
2018-08-29,0,0,0,0,0,0,0,0,0,0,0,0,0,1.0,0,37.75,31.460224151611328
2018-08-30,0,0,0,0,0,0,0,0,0,0,0,0,0,1.0,0,38.25,31.87691879272461
2018-08-31,0,0,0,1,0,0,0,1,0,0,0,0,0,1.0,0,38.5,32.085262298583984
2018-09-03,0,0,0,0,1,0,0,0,0,-1,0,-1,0,1.0,0,39.5,32.91864776611328
2018-09-04,0,0,0,0,0,0,0,0,0,0,0,0,0,1.0,0,40.0,33.3353385925293
2018-09-05,0,0,0,0,0,0,0,0,0,0,0,0,0,1.0,0,41.0,34.16872024536133
2018-09-06,0,0,0,0,0,0,0,0,0,0,0,0,0,1.0,0,40.25,33.54368591308594
2018-09-07,0,0,0,0,0,0,0,0,0,0,0,0,0,1.0,0,41.25,34.3770637512207
2018-09-10,0,0,0,0,0,0,0,0,0,0,0,0,0,1.0,0,40.5,33.75203323364258
2018-09-11,0,0,0,0,0,1,0,0,0,0,0,0,0,1.0,0,40.75,33.96037673950195
2018-09-12,0,0,0,0,0,0,0,0,0,0,0,0,0,1.0,1,40.75,33.96037673950195
2018-09-13,0,0,0,0,0,0,0,0,0,0,0,0,0,1.0,-1,40.75,33.96037673950195
2018-09-14,0,1,0,0,0,0,1,0,0,0,0,0,-1,1.0,0,40.5,33.75203323364258
2018-09-17,0,0,0,0,-1,0,0,0,0,0,0,0,0,1.0,1,39.75,33.12699508666992
2018-09-18,0,0,0,0,0,0,0,0,0,0,0,0,0,1.0,0,40.5,33.75203323364258
2018-09-19,0,0,0,-1,0,0,0,-1,0,0,0,0,0,-0.5,0,39.0,32.501956939697266
2018-09-20,0,0,0,0,0,0,0,0,0,1,0,1,0,-0.5,0,38.75,32.29360580444336
2018-09-21,0,0,0,0,0,0,0,0,0,0,0,0,0,-0.5,0,39.25,32.710304260253906
2018-09-24,0,0,0,0,0,0,0,0,0,0,0,0,0,-0.5,0,39.25,32.710304260253906
2018-09-25,0,0,0,0,0,0,0,0,0,0,0,0,0,-0.5,-1,39.5,32.91864776611328
2018-09-26,0,0,1,0,0,0,0,0,0,0,0,0,0,-0.5,0,39.5,32.91864776611328
2018-09-27,0,0,0,0,0,0,0,0,0,0,0,0,0,-0.5,0,39.25,32.710304260253906
2018-09-28,0,0,0,0,0,0,0,0,0,0,0,0,0,-0.5,1,39.5,32.91864776611328
2018-10-01,0,0,0,0,0,0,0,0,0,0,0,0,1,-0.5,0,39.5,32.91864776611328
2018-10-02,0,0,0,1,0,0,-1,0,0,0,0,0,0,1.0,-1,40.5,33.75203323364258
2018-10-03,0,0,0,-1,0,0,0,1,0,0,0,0,0,1.0,0,39.5,32.91864776611328
2018-10-04,0,0,0,1,0,0,0,0,0,-1,0,-1,0,1.0,0,40.75,33.96037673950195
2018-10-05,0,0,0,0,0,0,0,0,0,0,0,0,0,1.0,1,39.25,32.710304260253906
2018-10-08,0,0,0,0,0,0,0,0,0,0,0,0,0,-0.5,0,39.25,32.710304260253906
2018-10-09,0,0,0,-1,0,0,0,-1,0,1,0,1,0,-0.5,0,38.25,31.87691879272461
2018-10-10,0,0,0,0,0,0,0,0,0,0,0,0,0,-0.5,0,37.25,31.043527603149414
2018-10-11,0,0,0,0,0,0,0,0,0,0,0,0,0,-1.0,0,37.75,31.460224151611328
2018-10-12,0,0,0,1,0,0,0,0,0,0,0,0,0,-1.0,0,38.0,31.668569564819336
2018-10-16,0,0,0,0,0,0,0,0,0,0,0,0,0,-1.0,0,38.0,31.668569564819336
2018-10-17,0,0,0,0,0,0,0,0,0,0,0,0,0,-1.0,-1,38.25,31.87691879272461
2018-10-18,0,0,0,0,0,0,0,0,0,0,0,0,0,0.5,0,39.5,32.91864776611328
2018-10-19,0,0,0,0,0,0,0,0,0,0,0,0,0,0.5,0,39.5,32.91864776611328
2018-10-22,0,0,0,0,0,0,0,0,0,0,0,0,0,-1.0,1,37.75,32.277374267578125
2018-10-24,0,0,0,0,0,0,0,0,0,0,0,0,0,-1.0,0,35.75,30.56731414794922
2018-10-25,0,0,0,0,0,0,0,0,0,0,0,0,0,-1.0,0,35.75,30.56731414794922
2018-10-26,0,0,0,-1,0,0,0,0,0,0,0,0,0,-1.0,0,34.75,29.71228790283203
2018-10-29,-1,0,0,1,0,0,0,0,0,0,0,0,0,-1.0,0,35.0,29.92603874206543
2018-10-30,0,0,0,-1,0,0,0,0,0,0,0,0,0,-1.0,0,35.0,29.92603874206543
2018-10-31,0,0,0,1,0,0,0,0,0,0,0,0,0,-1.0,-1,36.25,30.99483299255371
2018-11-01,0,0,0,0,0,0,0,0,0,0,0,0,0,-1.0,0,37.0,31.636104583740234
2018-11-02,0,0,0,0,0,0,0,0,0,0,0,0,0,-1.0,0,36.25,30.99483299255371
2018-11-05,0,0,0,0,0,0,0,0,0,0,0,0,0,-1.0,0,36.0,30.78107452392578
2018-11-06,0,0,0,0,0,0,0,0,0,0,0,0,0,-1.0,1,35.5,30.353561401367188
2018-11-07,0,0,0,-1,0,0,0,0,0,0,0,0,0,-1.0,0,34.75,29.71228790283203
2018-11-08,0,0,0,0,0,0,0,0,0,0,0,0,0,-1.0,0,34.5,29.4985294342041
2018-11-09,0,0,0,0,0,0,0,0,0,0,0,0,0,-1.0,0,33.25,28.42974090576172
2018-11-12,0,0,0,0,0,0,0,0,0,0,0,0,0,-1.0,0,33.5,28.64349365234375
2018-11-13,0,0,0,0,0,0,0,0,0,0,0,0,0,-1.0,0,33.75,28.857257843017578
2018-11-14,0,-1,0,0,0,-1,0,0,0,0,0,0,0,-1.0,0,33.25,28.42974090576172
2018-11-15,0,0,0,0,0,0,0,0,0,0,0,0,0,-1.0,-1,35.5,30.353561401367188
2018-11-16,0,0,0,1,1,0,0,0,0,0,0,0,0,0.5,0,36.25,30.99483299255371
2018-11-19,0,0,0,0,0,0,0,0,0,0,0,0,0,0.5,0,34.75,29.71228790283203
2018-11-20,0,0,0,-1,0,0,0,0,0,0,0,0,0,-1.0,1,33.5,28.64349365234375
2018-11-21,0,0,0,0,0,0,0,0,0,0,0,0,0,-1.0,0,33.5,28.64349365234375
2018-11-22,0,0,0,0,-1,0,1,0,0,0,0,0,0,-1.0,0,33.25,28.42974090576172
2018-11-23,0,0,0,0,1,0,0,1,0,0,0,0,0,-1.0,0,34.0,29.071014404296875
2018-11-26,0,0,0,0,0,0,0,-1,0,0,0,0,0,-1.0,0,33.25,28.42974090576172
2018-11-27,0,0,0,0,0,0,0,1,0,0,0,0,0,-1.0,0,34.0,29.071014404296875
2018-11-28,0,0,0,1,0,0,0,0,0,0,0,0,0,0.5,-1,34.75,29.71228790283203
2018-11-29,0,0,0,0,0,0,0,-1,0,0,0,0,-1,0.5,0,33.5,28.64349365234375
2018-11-30,0,0,0,0,0,0,0,0,0,0,0,0,0,-1.0,1,33.75,28.857257843017578
2018-12-03,0,0,0,0,0,0,0,1,0,-1,1,-1,0,0.5,-1,37.25,31.849864959716797
2018-12-04,0,0,0,0,0,0,0,0,0,0,-1,0,0,0.5,0,36.5,31.208585739135742
2018-12-06,0,0,0,0,0,0,0,0,0,0,0,0,0,0.5,0,35.5,30.353561401367188
2018-12-07,0,0,0,0,0,0,0,0,0,0,0,0,0,0.5,0,36.25,30.99483299255371
2018-12-11,0,0,0,0,0,0,0,0,0,0,0,0,0,0.5,1,35.25,30.139799118041992
2018-12-12,0,0,-1,0,0,0,0,0,0,0,0,0,0,0.5,0,35.0,29.92603874206543
2018-12-13,0,0,0,0,0,0,0,0,0,0,0,0,0,-1.0,0,34.75,29.71228790283203
2018-12-14,0,0,0,0,0,0,0,0,0,0,0,0,0,-1.0,0,35.0,29.92603874206543
2018-12-17,0,0,0,0,0,0,0,0,0,0,0,0,0,-1.0,0,34.25,29.284767150878906
2018-12-18,0,0,0,-1,-1,0,0,0,0,0,0,1,0,-1.0,0,33.75,28.857257843017578
2018-12-19,0,0,0,0,0,0,0,-1,0,0,0,0,0,-1.0,0,34.0,29.071014404296875
2018-12-20,0,0,0,0,0,0,0,0,0,0,0,0,0,-1.0,0,33.75,28.857257843017578
2018-12-21,0,0,0,0,0,0,0,0,0,1,0,0,0,-1.0,0,32.25,27.5747127532959
2018-12-24,0,0,0,0,0,0,0,0,0,0,0,0,0,-1.0,0,32.0,27.36095428466797
2018-12-25,0,0,0,0,0,0,0,0,0,0,0,0,0,-1.0,0,31.75,27.147197723388672
2018-12-26,0,0,0,0,0,0,0,0,0,0,0,0,0,-1.0,0,32.0,27.36095428466797
2018-12-27,0,0,0,0,0,0,0,0,0,0,0,0,0,-1.0,0,31.5,26.933439254760742
2018-12-28,0,0,0,0,0,0,0,0,0,0,0,0,0,-1.0,0,33.0,28.215984344482422
2019-01-02,0,0,0,0,0,0,0,0,0,0,0,0,0,-1.0,0,32.0,27.36095428466797
2019-01-03,0,0,0,0,0,0,0,0,0,0,0,0,0,-1.0,0,31.0,26.505924224853516
2019-01-04,0,0,0,0,0,0,0,0,0,0,0,0,0,-1.0,0,30.0,25.650894165039062
2019-01-07,0,0,0,0,0,0,0,0,0,0,0,0,0,-1.0,0,30.5,26.07840919494629
2019-01-08,0,0,0,0,0,0,0,0,0,0,0,0,0,-1.0,0,30.75,26.292165756225586
2019-01-09,0,0,0,0,0,0,0,0,0,0,0,0,0,-1.0,-1,31.5,26.933439254760742
2019-01-10,0,0,0,1,1,0,-1,1,0,0,0,0,0,-1.0,0,32.5,27.788471221923828
2019-01-11,0,0,0,-1,0,0,0,0,0,0,0,0,0,0.5,0,32.0,27.36095428466797
2019-01-14,0,0,0,0,0,0,0,0,0,0,0,0,0,0.5,0,31.75,27.147197723388672
2019-01-15,0,0,0,0,0,0,0,-1,0,0,0,0,0,-1.0,1,31.25,26.719682693481445
2019-01-16,0,0,0,0,0,0,0,0,0,0,0,0,0,-1.0,0,31.0,26.505924224853516
2019-01-17,0,0,0,0,0,0,0,1,0,0,0,0,0,-1.0,-1,32.25,27.5747127532959
2019-01-18,0,0,0,0,0,0,0,0,0,0,0,0,0,0.5,0,32.0,27.36095428466797
2019-01-21,0,0,0,1,0,0,0,0,0,-1,0,-1,0,0.5,0,32.75,28.00222396850586
2019-01-22,0,0,0,0,0,0,0,0,0,0,0,0,0,0.5,0,32.75,28.00222396850586
2019-01-23,0,0,0,0,0,0,0,0,0,0,0,0,0,0.5,0,33.5,28.64349365234375
2019-01-24,0,0,0,0,0,0,0,0,0,0,0,0,0,0.5,0,33.75,28.857257843017578
2019-01-25,0,0,0,0,0,0,0,0,0,0,0,0,0,0.5,0,33.5,28.64349365234375
2019-01-28,0,0,0,0,0,0,0,0,0,0,0,0,0,0.5,0,33.25,28.42974090576172
2019-01-29,0,0,0,0,0,0,0,0,0,0,0,0,0,1.0,0,33.25,28.42974090576172
2019-01-30,0,0,0,0,0,0,0,0,0,0,0,0,0,1.0,1,33.75,28.857257843017578
2019-01-31,0,0,0,0,0,0,0,0,0,0,0,0,0,1.0,-1,34.5,29.4985294342041
2019-02-01,0,0,0,0,0,0,0,0,0,0,0,0,0,1.0,0,34.75,29.71228790283203
2019-02-04,0,0,0,0,0,0,0,0,0,0,0,0,0,1.0,0,35.25,30.139799118041992
2019-02-05,0,0,0,0,0,0,0,0,0,0,0,0,0,1.0,0,34.75,29.71228790283203
2019-02-06,0,0,0,0,0,0,0,0,0,0,0,0,0,1.0,0,34.75,29.71228790283203
2019-02-07,0,0,0,0,0,0,0,0,0,0,0,0,0,1.0,0,35.0,29.92603874206543
2019-02-08,0,0,0,0,0,0,1,0,0,0,0,0,0,1.0,1,34.75,29.71228790283203
2019-02-11,0,0,0,0,0,0,0,0,0,0,0,0,0,1.0,0,35.0,29.92603874206543
2019-02-12,0,0,0,0,0,0,0,0,0,0,0,0,0,1.0,0,34.75,29.71228790283203
2019-02-13,0,0,0,0,0,0,0,0,0,0,0,0,0,1.0,-1,36.0,30.78107452392578
2019-02-14,0,0,0,0,0,0,0,0,0,0,0,0,0,1.0,0,36.0,30.78107452392578
2019-02-15,0,0,0,0,0,0,0,0,0,0,0,0,0,1.0,0,35.25,30.139799118041992
2019-02-18,1,0,0,-1,0,0,0,-1,0,0,0,0,0,1.0,1,35.0,29.92603874206543
2019-02-20,0,0,0,1,0,0,0,1,0,0,0,0,0,1.0,-1,36.0,30.78107452392578
2019-02-21,0,0,0,0,0,0,0,0,0,0,0,0,0,1.0,0,35.5,30.353561401367188
2019-02-22,0,0,0,0,0,0,0,0,0,0,0,0,0,1.0,0,35.5,30.353561401367188
2019-02-25,0,0,0,0,0,0,0,0,0,0,0,0,0,1.0,0,36.0,30.78107452392578
2019-02-26,0,0,0,0,0,1,0,0,0,0,0,0,0,1.0,0,35.75,30.56731414794922
2019-02-27,0,0,0,-1,-1,0,0,0,0,0,0,0,0,1.0,1,35.75,30.56731414794922
2019-02-28,0,0,0,0,0,0,0,-1,0,0,0,0,0,1.0,-1,35.75,30.56731414794922
2019-03-01,0,0,0,0,0,0,0,0,0,0,0,0,0,1.0,1,35.5,30.353561401367188
2019-03-04,0,0,0,0,0,0,0,1,0,0,0,0,1,1.0,-1,35.75,30.56731414794922
2019-03-05,0,0,0,0,0,0,0,0,0,0,0,0,0,1.0,1,35.5,30.353561401367188
2019-03-06,0,0,0,0,0,0,0,-1,0,0,0,0,0,1.0,0,35.75,30.56731414794922
2019-03-07,0,0,0,0,0,0,0,0,0,0,0,0,0,-0.5,0,35.5,30.353561401367188
2019-03-08,0,0,0,0,0,0,0,0,0,1,0,0,0,-0.5,0,35.5,30.353561401367188
2019-03-11,0,0,0,0,0,0,0,0,0,0,0,1,0,-0.5,0,35.25,30.139799118041992
2019-03-12,0,0,0,0,0,0,0,0,0,0,0,0,0,-0.5,0,34.75,29.71228790283203
2019-03-13,0,0,0,0,0,0,0,0,0,0,0,0,0,-0.5,0,35.0,29.92603874206543
2019-03-14,0,0,0,0,0,0,0,0,0,0,0,0,0,-0.5,0,34.25,30.14608383178711
2019-03-15,0,0,0,0,0,0,0,0,0,0,0,0,0,-0.5,0,34.25,30.14608383178711
2019-03-18,0,0,0,0,0,0,0,0,0,0,0,0,0,-0.5,0,34.25,30.14608383178711
2019-03-19,0,0,0,0,0,0,0,0,0,0,0,0,0,-1.0,0,33.25,29.26590919494629
2019-03-20,0,0,0,0,0,-1,0,0,1,0,0,0,0,-1.0,0,30.5,26.84541893005371
2019-03-21,0,0,0,0,0,0,0,0,0,0,0,0,0,-1.0,0,31.0,27.285511016845703
2019-03-22,0,0,0,0,0,0,0,0,0,0,0,0,0,-1.0,0,30.75,27.065465927124023
2019-03-25,0,0,0,0,0,0,0,0,0,0,0,0,0,-1.0,0,31.0,27.285511016845703
2019-03-26,0,0,0,0,0,0,0,0,0,0,0,0,-1,-1.0,0,31.0,27.285511016845703
2019-03-27,0,0,0,0,0,0,-1,0,0,0,0,0,0,-1.0,0,31.0,27.285511016845703
2019-03-28,0,0,0,0,0,0,0,0,0,0,0,0,0,-1.0,0,31.0,27.285511016845703
2019-03-29,-1,0,0,0,0,0,0,0,0,0,0,0,0,-1.0,-1,31.0,27.285511016845703
2019-04-01,0,0,0,0,0,0,0,0,0,0,0,0,0,-1.0,0,32.0,28.16568946838379
2019-04-02,0,0,0,0,0,0,0,0,0,0,0,0,0,0.5,0,32.5,28.605777740478516
2019-04-03,0,0,0,0,1,0,0,1,0,0,0,0,0,0.5,0,32.25,28.385732650756836
2019-04-04,0,0,0,0,0,0,0,0,0,0,0,0,0,0.5,0,32.75,28.825820922851562
2019-04-05,0,0,0,1,0,0,0,0,0,-1,0,-1,0,0.5,0,33.5,29.485952377319336
2019-04-09,0,0,0,0,0,0,0,0,0,0,0,0,0,0.5,0,34.0,29.926044464111328
2019-04-10,0,0,0,0,0,0,0,0,0,0,0,0,0,0.5,0,33.5,29.485952377319336
2019-04-11,0,0,0,-1,0,0,0,0,0,0,0,0,0,0.5,1,33.25,29.26590919494629
2019-04-12,0,0,0,1,0,0,0,0,0,0,0,0,0,0.5,-1,34.0,29.926044464111328
2019-04-17,0,0,0,-1,0,0,0,0,0,0,0,0,0,0.5,0,33.25,29.26590919494629
2019-04-18,0,0,0,0,0,0,0,0,0,0,0,0,0,0.5,1,33.25,29.26590919494629
2019-04-19,0,0,0,0,0,0,0,0,0,0,0,0,0,-1.0,0,32.5,28.605777740478516
2019-04-22,0,0,0,0,0,0,0,0,0,0,0,0,0,-1.0,0,32.75,28.825820922851562
2019-04-23,0,0,0,1,0,0,0,0,0,0,0,0,0,-1.0,0,33.0,29.045866012573242
2019-04-24,0,0,0,0,0,0,0,-1,0,0,0,0,0,0.5,-1,33.25,29.26590919494629
2019-04-25,0,0,0,-1,0,0,0,0,0,0,0,0,0,0.5,0,33.0,29.045866012573242
2019-04-26,0,0,0,0,0,0,0,0,0,0,0,0,0,0.5,1,33.0,29.045866012573242
2019-04-29,0,0,0,0,0,0,0,0,0,1,0,1,0,-1.0,0,32.25,28.385732650756836
2019-04-30,0,0,0,0,-1,0,0,0,0,0,0,0,0,-1.0,0,32.5,28.605777740478516
2019-05-02,0,0,0,0,1,0,0,0,0,0,0,0,0,-1.0,0,33.0,29.045866012573242
2019-05-03,0,0,0,0,-1,0,0,0,0,0,0,0,0,-1.0,-1,32.5,28.605777740478516
2019-05-07,0,0,0,0,0,0,0,0,0,0,0,0,0,-1.0,1,31.25,27.50555419921875
2019-05-08,0,0,0,0,0,0,1,0,0,0,0,0,0,-1.0,0,31.0,27.285511016845703
2019-05-09,0,0,0,0,0,0,0,0,0,0,0,0,0,-1.0,0,31.0,27.285511016845703
2019-05-10,0,0,0,0,0,0,0,0,0,0,0,0,0,-1.0,0,30.25,26.62537956237793
2019-05-13,0,0,0,0,0,0,0,0,0,0,0,0,0,-1.0,0,30.75,27.065465927124023
2019-05-14,0,0,0,0,0,0,0,0,0,0,0,0,0,-1.0,0,30.75,27.065465927124023
2019-05-15,0,0,0,0,0,0,0,0,0,0,0,0,0,-1.0,0,26.75,23.544755935668945
2019-05-16,0,0,0,0,0,0,0,0,0,0,0,0,0,-1.0,0,27.5,24.20488929748535
2019-05-17,0,0,0,0,0,0,0,0,0,0,0,0,0,-1.0,0,24.899999618530273,21.916425704956055
2019-05-21,0,0,0,0,0,0,0,0,0,0,0,0,0,-1.0,0,24.899999618530273,21.916425704956055
2019-05-22,0,0,0,0,0,0,0,0,0,0,0,0,0,-1.0,0,25.25,22.224489212036133
2019-05-23,0,0,0,0,0,0,0,0,0,0,0,0,0,-1.0,0,24.100000381469727,21.212284088134766
2019-05-24,0,0,0,0,0,0,0,0,0,0,0,0,0,-1.0,0,24.299999237060547,21.38831901550293
2019-05-27,0,0,0,0,0,0,0,0,0,0,0,0,0,-1.0,0,24.200000762939453,21.30030059814453
2019-05-28,0,0,0,0,0,0,0,0,0,0,0,0,0,-1.0,0,24.5,21.564355850219727
2019-05-29,0,0,0,0,0,0,-1,0,0,0,0,0,0,-1.0,-1,24.700000762939453,21.740392684936523
2019-05-30,0,0,0,1,0,0,0,0,0,0,0,0,0,-1.0,0,25.5,22.444534301757812
2019-05-31,0,0,0,-1,0,0,0,0,0,0,0,0,0,-1.0,0,24.799999237060547,21.828407287597656
2019-06-04,0,0,0,0,0,0,0,0,0,0,0,0,0,-1.0,1,24.600000381469727,21.652374267578125
2019-06-05,0,0,0,0,1,0,0,1,0,0,0,0,0,-1.0,0,25.0,22.00444221496582
2019-06-06,0,0,0,0,0,0,0,-1,0,0,0,0,0,-1.0,-1,25.0,22.00444221496582
2019-06-07,0,0,0,0,0,0,0,1,0,0,0,0,0,-1.0,1,24.899999618530273,21.916425704956055
2019-06-10,0,0,0,1,0,0,0,0,0,-1,0,-1,0,0.5,-1,26.25,23.104665756225586
2019-06-11,0,0,0,0,0,0,0,0,0,0,0,0,0,0.5,0,26.0,22.884620666503906
2019-06-12,0,0,0,0,0,0,0,0,0,0,0,0,0,0.5,0,25.75,22.664575576782227
2019-06-13,0,0,0,0,0,0,0,0,0,0,0,0,0,0.5,1,26.0,22.884620666503906
2019-06-14,0,0,0,0,0,0,0,0,0,0,0,0,0,0.5,0,26.0,22.884620666503906
2019-06-17,0,0,0,0,0,0,0,0,0,0,0,0,0,0.5,0,25.25,22.224489212036133
2019-06-18,0,0,0,-1,0,0,0,0,0,0,0,0,0,-1.0,0,25.0,22.00444221496582
2019-06-19,0,0,0,1,0,0,0,0,0,0,0,0,0,0.5,-1,26.25,23.104665756225586
2019-06-20,0,0,0,0,0,0,0,0,0,0,0,0,0,0.5,0,26.25,23.104665756225586
2019-06-21,0,0,0,-1,0,0,0,0,0,0,0,0,0,0.5,0,25.75,22.664575576782227
2019-06-24,0,0,0,0,0,0,0,-1,0,0,0,0,0,0.5,1,25.5,22.444534301757812
2019-06-25,0,0,0,0,0,0,0,0,0,0,0,0,0,-1.0,0,25.5,22.444534301757812
2019-06-26,0,0,0,0,0,0,1,0,0,0,0,0,0,-1.0,0,25.5,22.444534301757812
2019-06-27,0,0,0,1,0,0,0,0,0,0,0,0,0,-1.0,0,25.75,22.664575576782227
2019-06-28,0,0,0,0,0,0,0,0,0,0,0,0,0,0.5,-1,25.75,22.664575576782227
2019-07-01,0,0,0,0,0,0,-1,1,0,0,0,0,0,0.5,0,27.25,23.98484230041504
2019-07-02,0,0,0,0,0,0,0,0,0,0,0,0,0,0.5,0,27.5,24.20488929748535
2019-07-03,0,0,0,0,0,0,0,0,0,0,0,0,0,0.5,0,27.25,23.98484230041504
2019-07-04,0,0,0,0,0,0,0,0,0,0,0,0,0,0.5,0,27.25,23.98484230041504
2019-07-05,0,0,0,0,0,0,0,0,0,0,0,0,0,1.0,0,27.5,24.20488929748535
2019-07-08,0,0,0,0,0,0,0,0,0,0,0,0,0,1.0,0,27.75,24.42493438720703
2019-07-09,0,0,0,0,0,0,0,0,0,0,0,0,0,1.0,1,27.25,23.98484230041504
2019-07-10,0,0,0,0,0,0,0,0,0,0,0,0,0,1.0,0,27.5,24.20488929748535
2019-07-11,0,0,0,0,0,0,0,0,0,0,0,0,0,1.0,-1,27.75,24.42493438720703
2019-07-12,0,0,0,0,0,0,0,0,0,0,0,0,0,1.0,0,28.75,25.30510902404785
2019-07-15,0,0,0,0,0,0,0,0,0,0,0,0,0,1.0,0,28.25,24.865022659301758
2019-07-17,0,0,0,0,0,1,0,0,0,0,0,0,0,1.0,0,28.25,24.865022659301758
2019-07-18,0,0,0,0,0,0,0,0,0,0,0,0,0,1.0,1,27.75,24.42493438720703
2019-07-19,1,0,0,0,0,0,1,0,0,0,0,0,0,1.0,0,27.75,24.42493438720703
2019-07-22,0,0,0,0,0,0,0,0,0,0,0,0,0,1.0,-1,28.25,24.865022659301758
2019-07-23,0,0,0,0,0,0,0,0,0,0,0,0,0,1.0,0,28.25,24.865022659301758
2019-07-24,0,0,0,0,0,0,-1,0,0,0,0,0,0,1.0,0,28.75,25.30510902404785
2019-07-25,0,0,0,0,0,0,0,0,-1,0,0,0,0,1.0,0,30.0,26.405332565307617
2019-07-26,0,0,0,0,0,0,0,0,0,0,0,0,0,1.0,0,29.5,25.965246200561523
2019-07-30,0,0,0,0,0,0,0,-1,0,0,0,0,0,1.0,1,28.5,25.085065841674805
2019-07-31,0,0,0,0,0,0,1,0,0,0,0,0,0,1.0,0,28.0,24.644977569580078
2019-08-01,0,0,0,0,-1,0,0,0,0,0,0,1,0,-0.5,0,27.5,24.20488929748535
2019-08-02,0,0,0,-1,0,0,0,0,0,1,0,0,0,-0.5,0,26.5,23.324708938598633
2019-08-05,0,0,0,0,0,0,0,0,0,0,0,0,0,-0.5,0,26.0,22.884620666503906
2019-08-06,0,0,0,0,0,0,0,0,0,0,0,0,0,-0.5,0,25.75,22.664575576782227
2019-08-07,0,0,0,0,0,0,0,0,0,0,0,0,0,-1.0,0,26.0,22.884620666503906
2019-08-08,0,0,0,1,0,0,0,0,0,0,0,0,0,-1.0,0,26.75,23.544755935668945
2019-08-09,0,0,0,-1,0,0,0,0,0,0,0,0,0,-1.0,-1,25.75,22.664575576782227
2019-08-13,0,0,0,1,0,0,0,0,0,0,0,0,0,-1.0,0,26.75,23.544755935668945
2019-08-14,0,0,0,0,0,0,0,1,0,0,0,0,0,0.5,0,29.0,25.5251522064209
2019-08-15,0,0,0,0,1,0,0,0,0,0,0,0,0,0.5,0,28.25,24.865022659301758
2019-08-16,0,0,0,0,0,0,0,0,0,0,0,0,0,0.5,0,28.25,24.865022659301758
2019-08-19,0,0,0,0,0,0,0,0,0,0,0,0,0,1.0,0,28.0,24.644977569580078
2019-08-20,0,0,0,0,0,0,0,0,0,0,0,0,0,1.0,0,28.0,24.644977569580078
2019-08-21,0,0,0,0,0,0,0,0,0,0,0,-1,0,1.0,0,28.5,25.085065841674805
2019-08-22,0,0,0,0,0,0,0,0,0,0,0,0,0,1.0,0,28.5,25.085065841674805
2019-08-23,0,0,0,0,0,0,-1,0,0,0,0,0,0,1.0,0,28.75,25.30510902404785
2019-08-26,0,0,0,-1,0,0,0,0,0,0,0,0,0,-0.5,1,26.75,23.544755935668945
2019-08-27,0,0,0,0,-1,0,0,0,0,0,0,0,0,-0.5,0,26.75,23.544755935668945
2019-08-28,0,0,0,0,0,0,0,-1,0,0,0,0,0,-0.5,0,27.25,23.98484230041504
2019-08-29,0,0,0,1,0,0,0,0,0,0,0,0,0,-0.5,-1,27.75,24.42493438720703
2019-08-30,0,0,0,0,1,0,0,1,0,0,0,0,0,1.0,0,28.5,25.085065841674805
2019-09-02,0,0,0,0,0,0,0,0,0,0,0,0,0,1.0,0,28.0,24.644977569580078
2019-09-03,0,0,0,0,0,0,0,0,0,0,0,0,0,1.0,0,28.25,24.865022659301758
2019-09-04,0,0,0,0,0,0,0,-1,0,0,0,0,0,1.0,0,27.75,24.42493438720703
2019-09-05,0,0,0,0,0,0,0,1,0,-1,0,0,0,1.0,0,29.0,25.5251522064209
2019-09-06,0,0,0,0,0,0,0,-1,0,0,0,0,0,1.0,0,28.5,25.085065841674805
2019-09-09,-1,0,0,0,0,0,0,1,0,0,0,0,0,1.0,0,28.5,25.085065841674805
2019-09-10,0,0,0,0,0,0,0,0,0,0,0,0,0,1.0,1,28.5,25.085065841674805
2019-09-11,0,0,0,0,0,0,0,0,0,0,0,0,0,1.0,0,29.25,25.74519920349121
2019-09-12,0,0,0,0,0,0,0,0,0,0,0,0,0,1.0,-1,29.0,25.5251522064209
2019-09-13,0,0,0,0,0,0,0,0,0,0,0,0,0,1.0,0,28.75,25.30510902404785
2019-09-16,0,0,0,0,0,0,0,0,0,0,0,0,0,1.0,1,28.5,25.085065841674805
2019-09-17,0,0,0,0,0,0,0,0,0,0,0,0,0,1.0,0,29.0,25.5251522064209
2019-09-18,1,0,0,-1,-1,0,1,0,0,0,0,0,0,1.0,0,28.25,24.865022659301758
2019-09-19,0,0,0,0,0,0,0,-1,0,1,0,1,0,-0.5,0,27.5,24.20488929748535
2019-09-20,0,0,0,0,0,0,0,0,0,0,0,0,0,-0.5,0,28.0,24.644977569580078
2019-09-23,0,0,0,0,0,0,0,0,0,0,0,0,0,-0.5,0,28.25,24.865022659301758
2019-09-24,0,0,0,0,0,0,0,0,0,0,0,0,0,-0.5,0,28.5,25.085065841674805
2019-09-25,0,0,0,0,0,0,0,0,0,0,0,0,0,-0.5,-1,28.25,24.865022659301758
2019-09-26,0,0,0,0,0,0,-1,0,0,0,0,0,0,-0.5,0,28.5,25.085065841674805
2019-09-27,0,0,0,0,0,0,0,0,0,0,0,0,0,1.0,0,28.5,25.085065841674805
2019-09-30,0,0,0,0,0,0,0,0,0,0,0,0,0,-0.5,1,28.25,24.865022659301758
2019-10-01,0,0,0,0,0,0,0,0,0,0,0,0,0,-0.5,0,28.0,24.644977569580078
2019-10-02,0,0,0,0,0,0,0,0,0,0,0,0,0,-0.5,0,27.25,23.98484230041504
2019-10-03,0,0,0,0,0,0,0,0,0,0,0,0,0,-1.0,0,27.0,23.764799118041992
2019-10-04,0,0,0,0,0,0,0,0,0,0,0,0,0,-1.0,0,27.5,24.20488929748535
2019-10-07,0,0,0,0,0,0,0,0,0,0,0,0,0,-1.0,0,27.25,23.98484230041504
2019-10-08,0,0,0,0,0,0,0,0,0,0,0,0,0,-1.0,-1,27.75,24.42493438720703
2019-10-09,0,0,0,0,0,0,0,0,0,0,0,0,0,-1.0,0,27.75,24.42493438720703
2019-10-10,0,0,0,1,0,0,0,0,0,0,0,0,0,0.5,0,28.0,24.644977569580078
2019-10-11,0,0,0,0,0,0,0,0,0,0,0,0,0,0.5,0,27.75,24.42493438720703
2019-10-15,0,0,0,0,0,0,0,0,0,0,0,0,0,0.5,0,28.0,24.644977569580078
2019-10-16,0,0,0,0,1,0,0,0,0,0,0,0,0,0.5,1,28.0,24.644977569580078
2019-10-17,0,0,0,0,0,0,0,1,0,0,0,0,0,0.5,0,28.25,24.865022659301758
2019-10-18,0,0,0,-1,0,0,0,0,0,0,0,0,0,0.5,0,28.0,24.644977569580078
2019-10-21,0,0,0,1,0,0,0,0,0,0,0,0,1,0.5,-1,28.25,24.865022659301758
2019-10-22,0,0,0,0,0,0,0,0,0,-1,0,-1,0,0.5,0,28.75,25.30510902404785
2019-10-24,-1,0,0,0,0,0,0,0,0,0,0,0,0,0.5,0,27.75,24.98992347717285
2019-10-25,0,0,0,-1,-1,0,0,-1,0,1,0,1,0,-1.0,1,26.5,23.864248275756836
2019-10-28,0,0,0,0,0,0,0,0,0,0,0,0,0,-1.0,0,25.25,22.73857879638672
2019-10-29,0,0,0,0,0,0,0,0,1,0,0,0,0,-1.0,0,24.0,21.612905502319336
2019-10-30,0,0,0,0,0,0,0,0,0,0,0,0,0,-1.0,0,24.5,22.063173294067383
2019-10-31,0,0,0,1,0,0,0,0,0,0,0,0,0,-1.0,0,25.5,22.963712692260742
2019-11-01,0,0,0,-1,0,0,0,0,0,0,0,0,0,-1.0,0,24.799999237060547,22.333335876464844
2019-11-04,0,0,0,1,0,0,0,0,0,0,0,0,0,-1.0,-1,26.5,23.864248275756836
2019-11-05,0,0,0,0,0,0,0,0,0,0,0,0,0,0.5,0,27.25,24.539655685424805
2019-11-06,0,0,0,0,1,0,0,0,0,0,0,0,0,0.5,0,27.75,24.98992347717285
2019-11-07,0,0,0,0,0,0,0,1,0,0,0,-1,0,0.5,0,29.0,26.1155948638916
2019-11-08,0,0,0,0,0,0,0,0,0,-1,0,0,0,0.5,0,30.0,27.01613426208496
2019-11-11,0,0,0,0,0,0,0,0,0,0,0,0,0,1.0,0,29.75,26.790998458862305
2019-11-12,0,0,0,0,0,0,0,0,0,0,0,0,0,1.0,0,29.5,26.56586456298828
2019-11-13,0,0,0,0,0,0,0,0,0,0,0,0,0,1.0,0,30.0,27.01613426208496
2019-11-14,0,0,0,0,0,0,0,0,0,0,0,0,0,1.0,1,29.25,26.340728759765625
2019-11-15,0,0,0,0,0,0,0,0,0,0,0,0,0,1.0,0,29.0,26.1155948638916
2019-11-18,0,0,0,-1,0,0,0,0,0,0,0,0,0,1.0,0,28.75,25.890460968017578
2019-11-19,0,0,0,1,0,0,0,0,0,0,0,0,0,1.0,-1,30.0,27.01613426208496
2019-11-20,0,0,0,0,0,0,0,0,0,0,0,0,0,1.0,0,29.25,26.340728759765625
2019-11-21,0,0,0,0,0,0,0,0,0,0,0,0,0,1.0,0,30.0,27.01613426208496
2019-11-22,0,0,0,0,0,0,0,0,0,0,0,0,0,1.0,0,31.25,28.141803741455078
2019-11-25,1,0,0,0,0,0,0,0,0,0,0,0,0,1.0,0,32.75,29.492612838745117
2019-11-26,0,0,0,0,0,0,0,0,0,0,0,0,0,1.0,0,31.75,28.592073440551758
2019-11-27,0,0,0,0,0,0,0,0,0,0,0,0,0,1.0,0,31.25,28.141803741455078
2019-11-28,0,0,0,-1,0,0,0,0,0,0,0,0,0,1.0,1,30.75,27.69153594970703
2019-11-29,0,0,0,0,0,0,0,0,0,0,0,0,0,1.0,0,31.25,28.141803741455078
2019-12-02,0,0,0,0,0,0,1,0,0,0,0,0,0,1.0,0,30.75,27.69153594970703
2019-12-03,0,0,0,0,0,0,0,0,0,0,0,0,0,1.0,0,30.75,27.69153594970703
2019-12-04,0,0,0,0,-1,0,0,0,0,0,0,0,0,-0.5,0,30.5,27.466400146484375
2019-12-06,0,0,0,1,0,0,0,0,0,0,0,0,0,1.0,-1,31.5,28.366939544677734
2019-12-09,0,0,0,0,0,0,0,0,0,0,0,0,0,1.0,0,31.75,28.592073440551758
2019-12-11,0,1,0,0,1,0,-1,0,0,0,0,0,0,1.0,0,32.75,29.492612838745117
2019-12-12,0,0,0,0,0,0,0,0,0,0,0,0,0,1.0,0,32.75,29.492612838745117
2019-12-13,0,0,0,0,0,0,0,0,0,0,0,0,-1,1.0,0,33.5,30.168014526367188
2019-12-16,0,0,0,0,0,0,0,0,0,0,0,0,0,1.0,0,33.5,30.168014526367188
2019-12-17,0,0,0,0,0,0,0,0,0,0,0,0,0,1.0,0,33.75,30.393152236938477
2019-12-18,0,0,1,0,0,0,0,0,0,0,0,0,0,1.0,0,33.25,29.942880630493164
2019-12-19,0,0,0,0,0,0,0,0,0,0,0,0,0,1.0,0,34.0,30.618282318115234
2019-12-20,0,0,0,0,0,0,0,0,0,0,0,0,0,1.0,0,34.25,30.843421936035156
2019-12-23,0,0,0,0,0,0,0,0,0,0,0,0,0,1.0,0,34.25,30.843421936035156
2019-12-24,0,0,0,0,0,0,0,0,0,0,0,0,0,1.0,0,33.75,30.393152236938477
2019-12-25,0,0,0,0,0,0,0,0,0,0,0,0,1,1.0,1,34.0,30.618282318115234
2019-12-26,0,0,0,0,0,0,0,0,0,0,0,0,0,1.0,-1,34.75,31.293685913085938
2019-12-27,0,0,0,0,0,0,0,0,-1,0,0,0,0,1.0,0,35.0,31.518817901611328
2019-12-30,0,0,0,0,0,0,0,0,0,0,0,0,0,1.0,0,34.5,31.06855583190918
2020-01-02,0,0,0,0,-1,0,0,-1,0,0,0,0,0,1.0,1,33.25,29.942880630493164
2020-01-03,0,0,0,0,0,0,1,0,0,1,0,0,0,-0.5,0,33.0,29.717742919921875
2020-01-06,0,0,0,0,0,0,0,0,0,0,0,0,0,-0.5,0,33.0,29.717742919921875
2020-01-07,0,0,0,0,0,0,0,0,0,0,0,0,0,-0.5,0,33.5,30.168014526367188
2020-01-08,0,0,0,0,0,0,0,0,0,0,0,0,0,-0.5,-1,34.0,30.618282318115234
2020-01-09,0,0,0,0,0,0,0,1,0,-1,0,0,0,1.0,0,35.0,31.518817901611328
2020-01-10,0,0,0,0,0,0,-1,0,0,0,0,0,0,1.0,0,35.5,31.969091415405273
2020-01-13,0,0,0,0,1,0,0,0,0,0,0,0,0,1.0,0,35.5,31.969091415405273
2020-01-14,0,0,0,0,0,0,0,0,0,0,0,0,0,1.0,0,35.75,32.19422149658203
2020-01-15,0,0,0,0,0,0,0,0,0,0,0,0,0,1.0,0,35.0,31.518817901611328
2020-01-16,0,0,0,0,0,0,0,0,0,0,0,0,0,1.0,0,36.0,32.41935729980469
2020-01-17,0,0,0,0,0,0,0,0,0,0,0,0,0,1.0,0,37.25,33.54502868652344
2020-01-20,0,0,0,0,0,0,0,0,0,0,0,0,-1,1.0,0,35.75,32.19422149658203
2020-01-21,0,0,0,0,0,0,0,0,0,0,0,0,0,1.0,1,35.5,31.969091415405273
2020-01-22,0,0,0,0,-1,0,0,0,0,0,0,0,0,1.0,0,35.5,31.969091415405273
2020-01-23,0,0,0,0,0,0,0,0,0,0,0,0,0,1.0,0,36.0,32.41935729980469
2020-01-24,0,0,0,0,0,0,0,0,0,0,0,0,0,1.0,0,36.25,32.644493103027344
2020-01-27,0,0,0,0,0,0,0,0,0,0,0,0,0,1.0,-1,36.25,32.644493103027344
2020-01-28,0,0,0,-1,0,0,0,-1,0,1,0,0,0,-0.5,1,35.0,31.518817901611328
2020-01-29,0,0,0,0,0,0,0,0,0,0,0,0,0,-0.5,0,35.0,31.518817901611328
2020-01-30,0,0,0,0,0,0,0,0,0,0,0,0,0,-0.5,0,35.25,31.743953704833984
2020-01-31,0,0,0,0,0,0,0,0,0,0,0,0,0,-0.5,0,35.25,31.743953704833984
2020-02-03,0,0,0,0,0,0,1,0,0,0,0,0,0,-0.5,0,34.75,31.293685913085938
2020-02-04,0,0,0,0,0,0,0,0,0,0,0,0,0,-0.5,0,35.25,31.743953704833984
2020-02-05,0,0,0,0,0,0,0,1,0,0,0,0,0,1.0,-1,36.0,32.41935729980469
2020-02-06,0,0,0,1,0,0,-1,0,0,-1,0,0,0,1.0,0,36.75,33.09476089477539
2020-02-07,0,0,0,0,1,0,0,0,0,0,0,0,0,1.0,0,37.0,33.31989669799805
2020-02-11,0,0,0,0,-1,0,0,-1,0,0,0,0,0,1.0,0,35.5,31.969091415405273
2020-02-12,0,0,0,0,0,0,0,1,0,0,0,0,0,1.0,0,36.25,32.644493103027344
2020-02-13,0,0,0,0,0,0,1,0,0,0,0,0,0,1.0,1,35.0,31.518817901611328
2020-02-14,0,0,0,-1,0,0,0,-1,0,1,0,1,0,-0.5,0,32.5,29.267475128173828
2020-02-17,0,0,0,0,0,0,0,0,0,0,0,0,0,-0.5,0,33.5,30.168014526367188
2020-02-18,0,0,0,0,0,0,0,0,0,0,0,0,0,-1.0,0,32.75,29.492612838745117
2020-02-19,0,0,0,1,0,0,0,0,0,0,0,0,0,-1.0,0,33.75,30.393152236938477
2020-02-20,0,0,0,0,0,0,0,0,0,0,0,0,0,-1.0,0,34.0,30.618282318115234
2020-02-21,0,0,0,0,0,0,-1,0,0,0,0,0,0,-1.0,0,34.0,30.618282318115234
2020-02-24,0,0,0,0,0,0,0,0,0,0,0,0,0,-1.0,0,33.5,30.168014526367188
2020-02-25,0,0,0,0,0,0,0,1,0,0,0,0,0,0.5,-1,36.25,32.644493103027344
2020-02-26,0,0,0,0,0,0,0,-1,0,0,0,0,0,0.5,0,34.75,31.293685913085938
2020-02-27,0,0,0,0,1,0,0,1,0,0,0,0,0,0.5,1,36.25,32.644493103027344
2020-02-28,0,0,0,0,-1,0,0,0,0,0,0,0,0,-1.0,0,33.5,30.168014526367188
2020-03-02,0,0,0,-1,0,0,0,-1,0,0,0,0,0,-1.0,0,32.0,28.81720733642578
2020-03-03,0,0,0,0,0,0,1,0,0,0,0,0,0,-1.0,0,31.75,28.592073440551758
2020-03-04,-1,0,0,0,0,0,0,0,0,0,0,0,0,-1.0,0,31.75,28.592073440551758
2020-03-05,0,0,0,0,0,0,0,0,0,0,0,0,0,-1.0,0,32.25,29.042341232299805
2020-03-06,0,0,0,0,0,0,0,0,0,0,0,0,0,-1.0,0,31.5,28.366939544677734
2020-03-09,0,0,0,0,0,0,0,0,0,0,0,0,0,-1.0,0,28.75,26.435964584350586
2020-03-10,0,0,0,0,0,0,0,0,0,0,0,0,0,-1.0,0,29.0,26.66584014892578
2020-03-11,0,0,0,0,0,0,0,0,0,0,0,0,0,-1.0,0,29.0,26.66584014892578
2020-03-12,0,0,0,0,0,0,0,0,1,0,0,0,0,-1.0,0,25.25,23.21767234802246
2020-03-13,0,0,0,0,0,-1,0,0,0,0,0,0,1,-1.0,0,25.25,23.21767234802246
2020-03-16,0,0,0,0,0,0,0,0,0,0,0,0,0,-1.0,-1,24.200000762939453,22.252187728881836
2020-03-17,0,0,0,0,0,0,0,0,0,0,0,0,0,-1.0,1,21.600000381469727,19.861454010009766
2020-03-18,0,0,0,0,0,0,0,0,0,0,0,0,0,-1.0,0,20.899999618530273,19.217792510986328
2020-03-19,0,0,0,0,0,0,0,0,0,0,0,0,0,-1.0,0,20.0,18.390233993530273
2020-03-20,0,0,0,0,0,0,0,0,0,0,0,0,0,-1.0,0,22.399999618530273,20.597063064575195
2020-03-23,0,0,0,0,0,0,0,0,0,0,0,0,0,-1.0,0,19.899999618530273,18.29828453063965
2020-03-24,0,0,0,0,0,0,0,0,0,0,0,0,0,-1.0,0,19.299999237060547,17.74657440185547
2020-03-25,0,-1,0,0,0,0,0,0,0,0,0,0,0,-1.0,0,20.700000762939453,19.033893585205078
2020-03-26,0,0,0,0,0,0,-1,0,0,0,0,0,0,-1.0,0,20.700000762939453,19.033893585205078
2020-03-27,0,0,0,0,0,0,0,0,0,0,0,0,0,-1.0,-1,21.5,19.769502639770508
2020-03-30,0,0,0,0,0,0,0,0,0,0,0,0,0,-1.0,0,20.799999237060547,19.125844955444336
2020-03-31,0,0,0,1,1,0,0,1,0,0,0,0,0,-1.0,0,23.0,21.148771286010742
2020-04-01,0,0,0,0,0,0,0,0,0,0,0,0,0,0.5,0,22.5,20.689010620117188
2020-04-02,0,0,0,-1,0,0,0,0,0,0,0,0,0,0.5,0,22.399999618530273,20.597063064575195
2020-04-03,0,0,0,0,0,0,0,0,0,0,0,0,0,-1.0,1,22.399999618530273,20.597063064575195
2020-04-07,0,0,0,1,0,0,0,0,0,-1,0,-1,0,0.5,-1,25.0,22.98779296875
2020-04-08,0,0,-1,0,0,0,0,0,0,0,0,0,0,0.5,0,24.799999237060547,22.803892135620117
2020-04-09,0,0,0,0,0,0,0,0,0,0,0,0,0,0.5,0,25.0,22.98779296875
2020-04-10,0,0,0,0,0,0,0,0,0,0,0,0,0,0.5,0,26.0,23.907306671142578
2020-04-13,0,0,0,0,0,0,0,0,0,0,0,0,0,0.5,0,26.5,24.367061614990234
2020-04-14,0,0,0,0,0,0,0,0,0,0,0,0,0,0.5,0,28.0,25.746328353881836
2020-04-15,0,0,0,0,0,0,0,0,0,0,0,0,0,0.5,0,26.75,24.596939086914062
2020-04-16,0,0,0,0,0,0,0,0,0,0,0,0,0,0.5,1,25.25,23.21767234802246
2020-04-17,0,0,0,0,0,0,0,0,0,0,0,0,0,0.5,-1,27.5,25.286575317382812
2020-04-20,0,0,0,0,0,0,0,0,0,0,0,0,0,1.0,0,28.0,25.746328353881836
2020-04-21,0,0,0,0,0,0,0,0,0,0,0,0,0,1.0,0,26.75,24.596939086914062
2020-04-22,0,0,0,0,0,0,0,0,0,0,0,0,0,1.0,1,27.25,25.056697845458984
2020-04-23,0,0,0,0,0,0,0,0,0,0,0,0,0,1.0,0,26.75,24.596939086914062
2020-04-24,0,0,0,0,0,0,0,-1,0,0,0,0,0,1.0,0,25.75,23.67742919921875
2020-04-27,0,0,0,0,0,0,0,0,0,0,0,0,0,-0.5,0,25.5,23.44754981994629
2020-04-28,0,0,0,0,0,0,0,0,0,0,0,0,0,-0.5,-1,26.75,24.596939086914062
2020-04-29,0,0,0,0,0,0,0,1,0,0,0,0,0,1.0,0,27.75,25.51645278930664
2020-04-30,0,0,0,0,0,0,0,0,0,0,0,0,0,1.0,0,29.0,26.66584014892578
2020-05-05,0,0,0,0,0,0,0,0,0,0,0,0,0,1.0,0,28.0,25.746328353881836
2020-05-07,0,0,0,0,0,0,0,0,0,0,0,0,0,1.0,0,28.25,25.976207733154297
2020-05-08,0,0,0,0,0,0,0,0,0,0,0,0,0,1.0,0,29.5,27.125598907470703
2020-05-11,0,0,0,0,0,1,0,0,0,0,0,0,0,1.0,0,29.5,27.125598907470703
2020-05-12,0,0,0,0,0,0,0,0,0,0,0,0,0,1.0,0,30.75,28.274986267089844
2020-05-13,1,0,0,0,0,0,0,0,0,0,0,0,0,1.0,0,29.75,27.35547637939453
2020-05-14,0,0,0,-1,0,0,0,0,0,0,0,0,0,1.0,1,28.0,25.746328353881836
2020-05-15,0,0,0,0,0,0,1,0,0,0,0,0,0,1.0,0,28.0,25.746328353881836
2020-05-18,0,0,0,1,0,0,0,0,0,0,0,0,0,1.0,0,28.25,25.976207733154297
2020-05-19,0,0,0,0,-1,0,0,-1,0,0,0,0,0,1.0,0,28.75,26.435964584350586
2020-05-20,0,0,0,0,1,0,0,1,0,0,0,0,0,1.0,-1,30.0,27.58535385131836
2020-05-21,0,0,0,0,0,0,0,0,0,0,0,0,-1,1.0,0,29.5,27.125598907470703
2020-05-22,0,0,0,0,-1,0,0,-1,0,0,0,0,0,1.0,1,28.5,26.206087112426758
2020-05-25,0,0,0,0,0,0,0,0,0,0,0,0,0,1.0,0,29.0,26.66584014892578
2020-05-26,0,0,0,0,0,0,0,0,0,0,0,0,0,1.0,-1,30.0,27.58535385131836
2020-05-27,0,0,0,0,0,0,0,0,0,0,0,0,0,1.0,0,29.75,27.35547637939453
2020-05-28,0,0,0,-1,0,0,0,1,0,0,0,0,0,1.0,0,29.0,26.66584014892578
2020-05-29,0,0,0,1,0,0,0,0,0,0,0,0,0,1.0,1,30.0,27.58535385131836
2020-06-01,0,0,0,0,1,0,0,0,0,0,0,0,0,1.0,0,31.0,28.50486183166504
2020-06-02,0,0,0,0,0,0,0,0,0,0,0,0,0,1.0,-1,30.0,27.58535385131836
2020-06-04,0,0,0,0,0,0,0,0,0,0,0,0,0,1.0,0,30.0,27.58535385131836
2020-06-05,0,0,0,0,0,0,0,0,0,0,0,0,0,1.0,0,30.75,28.274986267089844
2020-06-08,0,0,0,0,0,0,0,0,0,0,0,0,0,1.0,0,30.5,28.045108795166016
2020-06-09,0,0,0,0,-1,0,0,0,0,0,0,0,0,1.0,0,30.25,27.815231323242188
2020-06-10,0,0,0,0,0,0,0,0,0,0,0,0,0,1.0,1,30.25,27.815231323242188
2020-06-11,0,0,0,-1,0,0,0,-1,0,1,0,1,0,-0.5,0,28.5,26.206087112426758
2020-06-12,0,0,0,0,0,0,0,1,0,0,0,0,1,-0.5,0,29.5,27.125598907470703
2020-06-15,0,0,0,0,0,0,0,-1,0,0,0,0,0,-0.5,0,28.75,26.435964584350586
2020-06-16,0,0,0,0,0,0,0,0,0,0,0,0,0,-0.5,-1,28.75,26.435964584350586
2020-06-17,0,0,0,0,0,0,0,0,0,0,0,0,0,-0.5,1,28.0,25.746328353881836
2020-06-18,0,0,0,0,0,0,0,0,0,0,0,0,0,-0.5,0,28.0,25.746328353881836
2020-06-19,0,0,0,0,0,0,0,0,0,0,0,0,0,-1.0,0,27.25,25.056697845458984
2020-06-22,0,0,0,0,0,0,0,0,0,0,0,0,0,-1.0,0,26.5,24.367061614990234
2020-06-23,0,0,0,0,0,0,0,0,0,0,0,0,0,-1.0,0,27.5,25.286575317382812
2020-06-24,0,0,0,0,0,0,0,0,0,0,0,0,0,-1.0,-1,27.5,25.286575317382812
2020-06-25,0,0,0,0,0,0,0,0,0,0,0,0,0,-1.0,1,27.25,25.056697845458984
2020-06-26,0,0,0,0,0,0,0,0,0,0,0,0,0,-1.0,0,26.75,24.596939086914062
2020-06-29,0,0,0,0,0,0,0,0,0,0,0,0,0,-1.0,0,27.0,24.82681655883789
2020-06-30,0,0,0,0,0,0,0,0,0,0,0,0,0,-1.0,-1,27.75,25.51645278930664
2020-07-01,0,0,0,1,0,0,-1,1,0,0,0,0,0,0.5,0,28.5,26.206087112426758
2020-07-02,0,0,0,0,1,0,0,0,0,-1,0,-1,0,0.5,0,29.5,27.125598907470703
2020-07-03,0,0,0,0,0,0,0,0,0,0,0,0,0,0.5,0,29.5,27.125598907470703
2020-07-07,0,0,0,0,0,0,0,0,0,0,0,0,0,0.5,0,29.75,27.35547637939453
2020-07-08,0,0,0,0,0,0,0,0,0,0,0,0,0,1.0,0,29.75,27.35547637939453
2020-07-09,0,0,0,0,0,0,0,0,0,0,0,0,0,1.0,0,30.25,27.815231323242188
2020-07-10,0,0,0,0,0,0,0,0,-1,0,0,0,0,1.0,0,32.75,30.114011764526367
2020-07-13,0,0,0,0,0,0,0,0,0,0,0,0,0,1.0,0,33.0,30.34388542175293
2020-07-14,0,0,0,0,0,0,0,0,0,0,0,0,0,1.0,0,32.25,29.654254913330078
2020-07-15,0,0,0,0,0,0,0,0,0,0,0,0,0,1.0,0,33.5,30.80364418029785
2020-07-16,0,0,0,0,0,0,0,0,0,0,0,0,0,1.0,0,32.25,29.654254913330078
2020-07-17,0,0,0,0,0,0,0,0,0,0,0,0,0,1.0,0,34.0,31.263399124145508
2020-07-20,0,0,0,0,0,0,0,0,0,0,0,0,0,1.0,0,33.5,30.80364418029785
2020-07-21,0,0,0,0,0,0,0,0,0,0,0,0,0,1.0,0,34.0,31.263399124145508
2020-07-22,0,0,0,0,0,0,0,0,0,0,0,0,0,1.0,1,33.0,30.34388542175293
2020-07-23,0,0,0,0,0,0,0,0,0,0,0,0,0,1.0,0,33.25,30.573768615722656
2020-07-24,0,1,0,0,0,0,1,-1,0,0,0,0,0,1.0,0,32.5,29.884130477905273
2020-07-29,0,0,1,0,0,0,0,1,0,0,1,0,0,1.0,-1,36.5,33.56217956542969
2020-07-30,0,0,0,-1,0,0,0,0,0,0,-1,0,0,1.0,0,34.25,31.493282318115234
2020-07-31,0,0,0,1,0,0,0,0,0,0,0,0,0,1.0,0,36.25,33.33230209350586
2020-08-03,0,0,0,0,0,0,0,0,0,0,0,0,0,1.0,0,36.75,33.792057037353516
2020-08-04,0,0,0,0,0,0,0,0,0,0,0,0,0,1.0,0,38.5,35.401206970214844
2020-08-05,0,0,0,0,0,0,0,0,0,0,0,0,0,1.0,0,37.75,34.71156692504883
2020-08-06,0,0,0,0,0,0,0,0,0,0,0,0,0,1.0,0,37.25,34.251808166503906
2020-08-07,0,0,0,0,0,0,0,0,0,0,0,0,0,1.0,1,38.0,34.94144821166992
2020-08-10,0,0,0,0,0,0,0,0,0,0,0,0,0,1.0,0,36.75,33.792057037353516
2020-08-11,0,0,0,0,0,0,0,0,0,0,0,0,0,1.0,0,36.0,33.10242462158203
2020-08-13,0,0,0,0,0,0,0,0,0,0,0,0,0,1.0,-1,39.75,36.55059051513672
2020-08-14,0,0,0,0,0,0,0,0,0,0,0,0,0,1.0,0,38.75,35.63107681274414
2020-08-17,0,0,0,0,0,0,0,0,0,0,0,0,0,1.0,0,37.75,34.71156692504883
2020-08-18,0,0,0,0,0,0,0,0,0,0,0,0,0,1.0,0,39.75,36.55059051513672
2020-08-19,0,0,0,0,0,0,0,0,0,0,0,0,0,1.0,0,39.0,35.860958099365234
2020-08-20,0,0,0,0,0,0,0,0,0,0,0,0,0,1.0,0,41.5,38.15974426269531
2020-08-21,0,0,0,0,0,0,0,0,0,0,0,0,0,1.0,0,42.75,39.30912399291992
2020-08-24,0,0,0,0,0,0,-1,0,0,0,0,0,0,1.0,0,43.0,39.539005279541016
2020-08-25,0,0,0,0,0,0,0,0,0,0,0,0,0,1.0,1,40.75,37.47010040283203
2020-08-26,0,0,0,0,0,0,0,0,0,0,0,0,0,1.0,0,41.75,38.38961410522461
2020-08-27,0,0,0,0,0,0,1,0,0,0,0,0,0,1.0,0,40.5,37.24022674560547
2020-08-28,0,0,0,0,-1,0,0,0,0,0,0,0,0,1.0,0,40.75,37.47010040283203
2020-08-31,0,0,0,0,0,0,0,0,0,0,0,0,0,1.0,0,39.75,36.55059051513672
2020-09-01,0,0,0,0,0,0,0,0,0,0,0,0,0,-0.5,0,40.25,37.01034927368164
2020-09-02,0,0,0,0,0,0,0,0,0,0,0,0,0,1.0,-1,41.5,38.15974426269531
2020-09-03,0,0,0,0,0,0,0,-1,0,0,0,0,0,1.0,0,41.25,37.92985916137695
2020-09-08,0,0,0,0,0,0,0,0,0,0,0,0,0,1.0,1,41.0,37.699981689453125
2020-09-09,0,0,0,0,0,0,0,0,0,0,0,0,0,1.0,-1,41.75,38.38961410522461
2020-09-10,0,0,0,0,0,0,0,1,0,0,0,0,-1,1.0,0,41.25,37.92985916137695
2020-09-11,0,0,0,0,0,0,0,-1,0,0,0,1,0,1.0,1,40.0,36.78046798706055
2020-09-14,0,0,0,0,0,0,0,1,0,0,0,0,0,-0.5,0,41.0,37.699981689453125
2020-09-15,0,0,0,0,0,0,0,0,0,0,0,0,0,1.0,-1,41.75,38.38961410522461
2020-09-16,0,0,0,0,0,0,0,0,0,0,0,-1,0,1.0,0,43.75,40.228641510009766
2020-09-17,0,0,0,0,0,0,0,0,0,0,0,0,0,1.0,0,42.25,38.849369049072266
2020-09-18,0,0,0,0,0,0,0,0,0,0,0,0,0,1.0,0,43.25,39.768882751464844
2020-09-21,0,0,0,0,0,0,0,0,0,0,0,0,0,1.0,0,42.25,38.849369049072266
2020-09-22,0,0,0,0,0,0,0,0,0,0,0,0,0,1.0,1,42.25,38.849369049072266
2020-09-23,0,0,0,0,0,0,0,0,0,0,0,0,0,1.0,-1,43.5,39.9987678527832
2020-09-24,0,0,0,0,0,0,0,0,0,0,0,0,0,1.0,0,43.75,40.228641510009766
2020-09-25,0,0,0,0,1,0,-1,0,0,0,0,0,0,1.0,0,44.5,40.91827392578125
2020-09-28,0,0,0,0,0,0,0,0,0,0,0,0,0,1.0,0,44.0,40.45851516723633
2020-09-29,0,0,0,0,0,0,0,0,0,0,0,0,0,1.0,0,44.5,40.91827392578125
2020-09-30,0,0,0,0,-1,0,0,-1,0,0,0,0,0,1.0,1,43.5,39.9987678527832
2020-10-01,0,0,0,0,0,0,0,1,0,0,0,0,0,1.0,0,44.5,40.91827392578125
2020-10-02,0,0,0,0,0,0,0,0,0,0,0,0,0,1.0,-1,44.75,41.14815139770508
2020-10-05,0,0,0,0,0,0,0,0,0,0,0,0,0,1.0,0,45.0,41.378021240234375
2020-10-06,0,0,0,0,0,0,0,0,0,0,0,0,0,1.0,1,43.5,39.9987678527832
2020-10-07,0,0,0,0,0,0,0,0,0,0,0,0,0,1.0,0,44.5,40.91827392578125
2020-10-08,0,0,0,0,0,0,0,0,0,0,0,0,0,1.0,0,44.75,41.14815139770508
2020-10-09,0,0,0,0,0,0,0,-1,0,0,0,0,0,1.0,-1,43.75,40.228641510009766
2020-10-12,0,0,0,0,0,0,0,1,0,0,0,0,0,1.0,0,44.75,41.14815139770508
2020-10-14,0,0,0,0,1,0,0,0,0,0,1,0,0,1.0,0,51.0,46.89509963989258
2020-10-15,0,0,0,0,0,0,0,0,0,0,-1,0,0,1.0,0,48.75,44.82619857788086
2020-10-16,0,0,0,0,0,0,0,0,0,0,0,0,0,1.0,0,48.25,44.3664436340332
2020-10-19,0,0,0,0,0,0,0,0,0,0,0,0,0,1.0,0,49.25,45.28595733642578
2020-10-20,0,0,0,0,0,0,0,0,0,0,0,0,0,1.0,0,49.0,45.05607604980469
2020-10-21,0,0,0,0,0,0,0,0,0,0,0,0,0,1.0,0,50.5,46.43534469604492
2020-10-22,0,0,0,0,0,0,0,0,0,0,0,0,0,1.0,1,48.75,45.41069412231445
2020-10-26,0,0,0,0,0,0,0,0,0,0,0,0,0,1.0,0,48.75,45.41069412231445
2020-10-27,0,0,0,-1,0,0,0,0,0,0,0,0,0,1.0,0,48.0,44.71206283569336
2020-10-28,0,0,0,0,-1,0,0,0,0,0,0,0,0,-0.5,0,46.75,43.54768753051758
2020-10-29,0,0,0,0,0,0,0,-1,0,1,0,1,0,-0.5,0,44.0,40.98605728149414
2020-10-30,0,0,0,0,0,0,0,0,0,0,0,0,0,-0.5,0,45.0,41.91755676269531
2020-11-02,0,0,0,0,0,0,1,0,0,0,0,0,0,-0.5,0,42.25,39.35593032836914
2020-11-03,0,0,0,0,0,0,0,0,0,0,0,0,0,-0.5,0,43.75,40.7531852722168
2020-11-04,0,0,0,0,0,0,0,0,0,0,0,0,0,-0.5,-1,46.0,42.849063873291016
2020-11-05,0,0,0,0,0,0,0,0,0,0,0,0,0,-0.5,0,45.0,41.91755676269531
2020-11-06,0,0,0,0,0,0,0,0,0,0,0,0,0,-0.5,1,41.5,38.657310485839844
2020-11-09,0,0,0,0,0,0,0,0,0,0,0,0,0,-1.0,0,39.5,36.794307708740234
2020-11-10,0,0,0,0,0,0,0,0,0,0,0,0,0,-1.0,0,35.25,32.83542251586914
2020-11-11,0,0,0,0,0,-1,0,0,0,0,0,0,0,-1.0,0,36.25,33.76692581176758
2020-11-12,0,0,0,0,0,0,0,0,0,0,0,0,0,-1.0,0,37.25,34.698421478271484
2020-11-13,0,0,0,0,0,0,0,0,0,0,0,0,0,-1.0,0,37.25,34.698421478271484
2020-11-16,0,0,0,0,0,0,0,0,0,0,0,0,0,-1.0,0,36.5,33.99979782104492
2020-11-17,0,0,0,0,0,0,0,0,0,0,0,0,0,-1.0,0,36.75,34.2326774597168
2020-11-18,0,0,0,0,0,0,-1,0,0,0,0,0,0,-1.0,-1,39.0,36.32855224609375
2020-11-19,0,0,0,0,0,0,0,0,0,0,0,0,0,-1.0,0,38.5,35.8628044128418
2020-11-20,0,0,0,0,0,0,0,0,0,0,0,0,0,-1.0,0,38.75,36.09567642211914
2020-11-23,-1,0,0,0,0,0,0,0,0,0,0,0,0,-1.0,0,38.5,35.8628044128418
2020-11-24,0,0,0,0,0,0,0,1,0,0,0,0,0,-1.0,0,38.0,35.39705276489258
2020-11-25,0,0,0,0,1,0,0,0,0,0,0,0,0,-1.0,0,39.0,36.32855224609375
2020-11-26,0,0,0,1,0,0,0,0,0,-1,0,-1,0,0.5,0,41.5,38.657310485839844
2020-11-27,0,0,0,0,0,0,0,0,0,0,0,0,0,0.5,0,43.5,40.52031326293945
2020-11-30,0,0,0,0,0,0,0,0,0,0,0,0,0,0.5,0,42.75,39.82168197631836
2020-12-01,0,0,0,0,0,0,0,0,0,0,0,0,0,0.5,0,42.25,39.35593032836914
2020-12-02,0,0,0,0,0,0,0,0,0,0,0,0,0,0.5,0,42.5,39.58880615234375
2020-12-03,0,0,0,0,0,0,0,0,0,0,0,0,0,0.5,1,42.25,39.35593032836914
2020-12-04,0,0,0,0,0,0,1,0,0,0,0,0,0,0.5,0,42.25,39.35593032836914
2020-12-08,0,0,0,0,0,0,0,0,0,0,0,0,0,1.0,-1,45.25,42.15043640136719
2020-12-09,0,0,0,0,0,0,0,0,0,0,0,0,0,1.0,0,43.0,40.054561614990234
2020-12-14,0,0,0,-1,0,0,0,0,0,0,0,0,0,1.0,1,42.0,39.12306213378906
2020-12-15,0,0,0,0,0,0,0,-1,0,0,0,0,0,-0.5,0,41.0,38.191558837890625
2020-12-16,0,0,0,0,0,0,0,0,0,0,0,0,0,-0.5,0,41.75,38.89017868041992
2020-12-17,0,0,0,0,0,0,0,0,0,0,0,0,0,-0.5,0,41.25,38.42443084716797
2020-12-18,0,0,0,0,-1,0,0,0,0,1,0,1,0,-0.5,0,38.75,36.09567642211914
2020-12-21,0,0,0,0,0,0,0,0,0,0,0,0,1,-1.0,0,38.25,35.62992477416992
2020-12-22,0,0,0,0,0,0,0,0,0,0,0,0,0,-1.0,0,38.75,36.09567642211914
2020-12-23,0,0,0,0,0,0,0,0,0,0,0,0,0,-1.0,0,39.25,36.561431884765625
2020-12-24,0,0,0,0,0,0,0,0,0,0,0,0,0,-1.0,-1,40.0,37.26005172729492
2020-12-25,0,0,0,0,0,0,-1,0,0,0,0,0,0,-1.0,0,40.75,37.95867919921875
2020-12-28,0,0,0,0,0,0,0,0,0,0,0,0,-1,-1.0,0,38.75,36.09567642211914
2020-12-29,0,0,0,0,0,0,0,0,0,0,0,0,0,-1.0,1,39.0,36.32855224609375
2020-12-30,0,0,0,1,0,0,0,0,0,0,0,0,0,-1.0,0,39.75,37.02717590332031
2021-01-04,0,0,0,0,0,0,0,0,0,0,0,0,0,-1.0,0,40.5,37.72580337524414
2021-01-05,0,0,0,0,1,0,0,1,0,-1,0,-1,0,0.5,-1,43.25,40.28742980957031
2021-01-06,0,0,0,0,0,0,0,0,0,0,0,0,0,0.5,0,45.25,42.15043640136719
2021-01-07,0,0,0,0,0,0,0,0,0,0,0,0,0,1.0,0,45.0,41.91755676269531
2021-01-08,1,0,0,0,0,0,0,0,0,0,0,0,0,1.0,0,47.0,43.78056716918945
2021-01-11,0,0,0,0,0,0,0,0,0,0,0,0,0,1.0,0,51.75,48.205196380615234
2021-01-12,0,0,0,0,0,0,0,0,0,0,0,0,0,1.0,0,50.0,46.57506561279297
2021-01-13,0,0,0,0,0,1,0,0,0,0,0,0,0,1.0,0,50.0,46.57506561279297
2021-01-14,0,0,0,0,0,0,0,0,0,0,0,0,0,1.0,0,48.5,45.17781448364258
2021-01-15,0,0,0,0,0,0,0,0,0,0,0,0,0,1.0,1,49.75,46.34219741821289
2021-01-18,0,0,0,0,0,0,0,0,0,0,0,0,0,1.0,0,49.75,46.34219741821289
2021-01-19,0,0,0,0,0,0,0,0,0,0,0,0,0,1.0,0,50.0,46.57506561279297
2021-01-20,0,0,0,0,0,0,0,0,0,0,0,0,0,1.0,-1,50.5,47.04082107543945
2021-01-21,0,0,0,0,0,0,0,0,0,0,0,0,0,1.0,0,51.25,47.739444732666016
2021-01-22,0,0,0,0,0,0,0,0,0,0,0,0,0,1.0,0,52.25,48.67094802856445
2021-01-25,0,0,0,0,0,0,0,0,0,0,0,0,0,1.0,0,56.25,52.396949768066406
2021-01-26,0,0,0,0,0,0,0,0,0,0,0,0,0,1.0,0,55.0,51.23257827758789
2021-01-27,0,0,0,0,0,0,0,0,0,0,0,0,0,1.0,0,55.75,51.93119812011719
2021-01-28,0,0,0,0,0,0,0,0,0,0,0,0,0,1.0,1,53.75,50.068199157714844
2021-01-29,0,0,0,0,0,0,1,0,0,0,0,0,0,1.0,0,53.75,50.068199157714844
2021-02-01,0,0,0,0,0,0,0,0,0,0,0,0,0,1.0,0,53.0,49.369571685791016
2021-02-02,0,0,0,0,0,0,0,0,0,0,0,0,0,1.0,0,54.75,50.999698638916016
2021-02-03,0,0,0,0,-1,0,0,0,0,0,0,0,0,1.0,-1,53.75,50.068199157714844
2021-02-04,0,0,0,0,0,0,0,0,0,0,0,0,0,1.0,0,54.0,50.30107116699219
2021-02-05,0,0,0,0,0,0,0,0,0,0,0,0,0,1.0,0,54.25,50.5339469909668
2021-02-08,0,0,0,0,0,0,0,-1,0,0,0,0,0,1.0,0,53.75,50.068199157714844
2021-02-09,0,0,0,0,0,0,0,0,0,0,0,0,0,1.0,1,53.5,49.83531951904297
2021-02-10,0,0,0,0,0,0,0,0,0,1,0,1,0,-0.5,0,51.5,47.972320556640625
2021-02-11,0,0,0,0,0,0,0,0,0,0,0,0,0,-0.5,0,52.5,48.9038200378418
2021-02-15,0,0,0,0,0,0,0,0,0,0,0,0,0,-0.5,0,52.5,48.9038200378418
2021-02-16,0,0,0,0,0,0,0,1,0,0,0,0,0,-0.5,-1,53.5,49.83531951904297
2021-02-17,0,0,0,0,0,0,0,-1,0,0,0,0,0,1.0,0,54.25,50.5339469909668
2021-02-18,0,0,0,-1,0,0,0,0,0,0,0,0,0,1.0,0,52.75,49.136695861816406
2021-02-19,0,0,0,0,0,0,0,0,0,0,0,0,0,-0.5,1,52.25,48.67094802856445
2021-02-22,0,0,0,0,0,0,0,0,0,0,0,0,0,-0.5,0,50.25,46.807945251464844
2021-02-23,0,0,0,0,0,0,0,0,0,0,0,0,0,-0.5,0,49.5,46.109317779541016
2021-02-24,0,0,0,0,0,0,0,0,0,0,0,0,0,-0.5,0,48.25,44.944942474365234
2021-02-25,0,0,0,0,0,0,0,0,0,0,0,0,0,-0.5,0,50.25,46.807945251464844
2021-03-01,0,0,0,0,0,0,0,0,0,0,0,0,0,-0.5,-1,50.25,46.807945251464844
2021-03-02,0,0,0,0,0,0,-1,1,0,0,0,0,0,1.0,0,53.25,49.60244369506836
2021-03-03,0,0,0,1,0,0,0,0,0,0,0,-1,0,1.0,0,53.75,50.068199157714844
2021-03-04,0,0,0,0,0,0,0,-1,0,0,0,0,0,1.0,0,52.5,48.9038200378418
2021-03-05,0,0,0,-1,0,0,0,0,0,0,0,0,0,1.0,0,52.25,48.67094802856445
2021-03-08,0,0,0,0,0,0,0,0,0,0,0,1,0,-0.5,1,49.25,45.876441955566406
2021-03-09,0,0,0,0,0,0,0,0,0,0,0,0,0,-0.5,0,50.0,46.57506561279297
2021-03-10,0,0,0,1,0,0,0,1,0,0,0,0,0,-0.5,-1,52.0,48.438072204589844
2021-03-11,0,0,0,0,0,0,0,0,0,0,0,0,0,-0.5,0,51.75,48.91063690185547
2021-03-12,0,0,0,-1,0,0,0,0,0,0,0,0,0,1.0,0,51.25,48.438072204589844
2021-03-15,0,0,0,1,0,0,0,0,0,0,0,0,0,-0.5,0,51.5,48.674354553222656
2021-03-16,0,0,0,0,1,0,0,0,0,-1,1,-1,0,1.0,0,56.5,53.400020599365234
2021-03-17,0,0,0,0,0,0,0,0,0,0,-1,0,0,1.0,0,56.75,53.63630294799805
2021-03-18,0,0,0,0,0,0,0,0,0,0,0,0,0,1.0,0,55.25,52.218597412109375
2021-03-19,0,0,0,0,0,0,0,0,0,0,0,0,0,1.0,0,56.0,52.927452087402344
2021-03-22,0,0,0,0,0,0,0,0,0,0,0,0,0,1.0,0,55.0,51.982322692871094
2021-03-23,0,0,0,0,0,0,0,0,0,0,0,0,0,1.0,1,54.5,51.50975799560547
2021-03-24,0,0,0,0,0,0,0,0,0,0,0,0,0,1.0,0,55.75,52.691165924072266
2021-03-25,0,0,0,0,0,0,0,0,0,0,0,0,0,1.0,0,55.25,52.218597412109375
2021-03-26,0,0,0,0,0,0,0,0,0,0,0,0,0,1.0,-1,56.25,53.163734436035156
2021-03-29,-1,0,0,0,0,0,0,0,0,0,0,0,0,1.0,0,55.75,52.691165924072266
2021-03-30,0,0,0,0,0,0,0,-1,0,0,0,0,0,1.0,1,55.25,52.218597412109375
2021-03-31,0,0,0,0,0,0,1,0,0,0,0,0,0,1.0,0,55.25,52.218597412109375
2021-04-01,0,0,0,0,0,0,0,1,0,0,0,0,0,1.0,0,56.0,52.927452087402344
2021-04-02,0,0,0,0,0,0,0,0,0,0,0,0,0,1.0,-1,56.75,53.63630294799805
2021-04-05,0,0,0,0,0,0,0,0,0,0,0,0,0,1.0,0,56.5,53.400020599365234
2021-04-07,1,0,0,0,0,0,-1,0,0,0,0,0,0,1.0,1,57.0,53.872589111328125
2021-04-08,0,0,0,0,0,0,0,0,0,0,1,0,0,1.0,-1,61.5,58.12568283081055
2021-04-09,0,0,0,0,0,0,0,0,0,0,-1,0,0,1.0,0,58.5,55.290283203125
2021-04-12,0,0,0,0,0,0,0,0,0,0,0,0,0,1.0,0,59.0,55.762855529785156
2021-04-16,0,0,0,0,0,0,0,0,0,0,0,0,0,1.0,1,60.0,56.70798873901367
2021-04-19,0,0,0,0,0,0,0,0,0,0,0,0,0,1.0,-1,60.0,56.70798873901367
2021-04-20,0,0,0,0,0,0,1,0,0,0,0,0,0,1.0,0,58.75,55.52656936645508
2021-04-21,0,0,0,0,0,0,0,0,0,0,0,0,0,1.0,1,58.0,54.817718505859375
2021-04-22,0,0,0,0,-1,0,0,0,0,0,0,0,0,1.0,0,57.25,54.10887145996094
2021-04-23,0,0,0,0,0,0,0,0,0,0,0,0,0,-0.5,0,57.75,54.5814323425293
2021-04-26,0,0,0,0,0,0,0,0,0,0,0,0,0,-0.5,0,57.5,54.34515380859375
2021-04-27,0,0,0,-1,0,0,0,-1,0,0,0,1,0,-0.5,0,56.0,52.927452087402344
2021-04-28,0,0,0,0,0,0,0,0,0,0,0,0,0,-0.5,0,56.75,53.63630294799805
2021-04-29,0,0,0,0,0,0,0,0,0,0,0,0,0,-0.5,0,56.75,53.63630294799805
2021-04-30,0,0,0,0,0,0,0,0,0,1,0,0,0,-0.5,0,55.5,52.45488739013672
2021-05-05,0,0,0,0,0,0,0,0,0,0,0,0,0,-0.5,0,53.5,50.56461715698242
2021-05-06,0,0,0,0,0,0,0,0,0,0,0,0,0,-0.5,0,55.5,52.45488739013672
2021-05-07,0,0,0,0,0,0,0,0,0,0,0,0,0,-0.5,0,55.25,52.218597412109375
2021-05-10,0,0,0,0,0,0,0,0,0,0,0,0,0,-1.0,-1,55.25,52.218597412109375
2021-05-11,0,0,0,0,0,0,0,0,0,0,0,0,0,-1.0,1,53.5,50.56461715698242
2021-05-12,0,0,0,0,0,0,0,0,0,0,0,0,0,-1.0,0,54.75,51.746036529541016
2021-05-13,0,0,0,0,0,-1,0,0,0,0,0,0,0,-1.0,0,53.0,50.0920524597168
2021-05-14,0,0,0,0,0,0,0,0,0,0,0,0,0,-1.0,0,51.75,48.91063690185547
2021-05-17,0,0,0,0,0,0,0,0,0,0,0,0,0,-1.0,0,51.5,48.674354553222656
2021-05-18,0,0,0,0,0,0,0,0,0,0,0,0,0,-1.0,-1,53.75,50.8009033203125
2021-05-19,0,0,0,0,0,0,0,1,0,0,0,0,0,-1.0,0,54.0,51.03718566894531
2021-05-20,0,0,0,0,0,0,0,-1,0,0,0,0,0,-1.0,0,53.0,50.0920524597168
2021-05-21,0,0,0,0,0,0,0,0,0,0,0,0,0,-1.0,1,51.75,48.91063690185547
2021-05-24,0,0,0,1,0,0,0,1,0,0,0,-1,0,-1.0,-1,55.5,52.45488739013672
2021-05-25,0,0,0,0,1,0,0,0,0,-1,0,0,0,0.5,0,56.5,53.400020599365234
2021-05-27,0,0,0,0,0,0,-1,0,0,0,0,0,0,0.5,0,58.0,54.817718505859375
2021-05-28,0,0,0,0,0,0,0,0,0,0,0,0,0,0.5,0,59.0,55.762855529785156
2021-05-31,0,0,0,0,0,0,0,0,0,0,0,0,0,1.0,0,60.25,56.94426345825195
2021-06-01,-1,0,0,0,0,0,0,0,0,0,1,0,0,1.0,0,66.0,62.378780364990234
2021-06-02,0,0,0,0,0,1,0,0,0,0,-1,0,0,1.0,0,66.25,62.61506652832031
2021-06-04,0,0,0,0,0,0,0,0,0,0,0,0,0,1.0,0,65.0,61.43364715576172
2021-06-07,0,0,0,0,0,0,0,0,0,0,0,0,0,1.0,0,63.0,59.54338455200195
2021-06-08,0,0,0,0,0,0,0,0,0,0,0,0,0,1.0,0,63.75,60.252235412597656
2021-06-09,1,0,0,0,0,0,0,0,0,0,0,0,0,1.0,0,69.0,65.21418762207031
2021-06-10,0,0,0,0,0,0,0,0,0,0,0,0,0,1.0,0,66.75,63.0876350402832
2021-06-11,0,0,0,0,0,0,0,0,0,0,0,0,0,1.0,1,64.75,61.197364807128906
2021-06-14,0,0,0,0,0,0,1,0,0,0,0,0,0,1.0,0,65.5,61.906219482421875
2021-06-15,0,0,0,0,0,0,0,0,0,0,0,0,0,1.0,0,65.5,61.906219482421875
2021-06-16,0,0,0,0,0,0,0,-1,0,0,0,0,0,1.0,0,65.5,61.906219482421875
2021-06-17,0,0,0,0,0,0,0,0,0,0,0,0,0,1.0,-1,66.25,62.61506652832031
2021-06-18,0,0,0,0,0,0,0,1,0,0,0,0,0,1.0,0,67.25,63.56019592285156
2021-06-21,0,0,0,0,0,0,-1,0,0,0,0,0,0,1.0,0,69.25,65.4504623413086
2021-06-22,0,0,0,0,0,0,0,0,0,0,0,0,0,1.0,0,68.25,64.50533294677734
2021-06-23,0,0,0,0,0,0,0,0,0,0,0,0,0,1.0,0,69.0,65.21418762207031
2021-06-24,0,0,0,0,0,0,0,0,0,0,0,0,0,1.0,0,69.5,65.68675231933594
2021-06-25,0,0,0,0,0,0,0,0,0,0,0,0,0,1.0,1,67.75,64.03277587890625
2021-06-28,0,0,0,0,0,0,0,0,0,0,0,0,0,1.0,-1,70.75,66.8681640625
2021-06-29,0,0,0,0,0,0,0,0,0,0,0,0,0,1.0,0,70.25,66.39559173583984
2021-06-30,0,0,0,0,0,0,0,0,0,0,0,0,0,1.0,0,71.25,67.34072875976562
2021-07-01,0,0,0,0,0,0,0,0,0,0,0,0,0,1.0,0,70.5,66.63188171386719
2021-07-02,0,0,0,0,-1,0,0,0,0,0,0,0,0,1.0,1,69.75,65.92303466796875
2021-07-05,0,0,0,0,0,0,0,0,0,0,0,0,0,1.0,0,70.75,66.8681640625
2021-07-06,0,0,0,0,0,0,0,0,0,0,0,0,0,1.0,-1,70.75,66.8681640625
2021-07-07,0,0,0,0,0,0,0,0,0,0,0,0,0,1.0,0,71.75,67.81330108642578
2021-07-08,0,0,0,0,0,0,0,0,0,0,0,0,0,1.0,0,71.5,67.57701110839844
2021-07-09,0,0,0,0,0,0,0,0,0,0,0,0,0,1.0,1,70.25,66.39559173583984
2021-07-12,0,0,0,0,0,0,0,0,0,0,0,0,0,1.0,-1,73.75,69.70356750488281
2021-07-13,0,0,0,0,0,0,0,0,0,0,0,0,0,1.0,0,73.5,69.46728515625
2021-07-14,0,0,0,0,0,0,0,0,0,0,0,0,0,1.0,0,73.75,69.70356750488281
2021-07-15,0,0,0,0,1,0,0,0,0,0,0,0,0,1.0,0,74.5,70.41240692138672
2021-07-16,0,0,0,0,0,0,0,0,0,0,0,0,0,1.0,0,76.0,71.83011627197266
2021-07-19,0,0,0,0,0,0,0,0,0,0,0,0,0,1.0,0,75.75,71.59382629394531
2021-07-20,0,0,0,0,0,0,0,0,0,0,0,0,0,1.0,0,74.75,70.64869689941406
2021-07-21,0,0,0,0,0,0,0,0,0,0,0,0,0,1.0,0,75.25,71.12126159667969
2021-07-22,0,0,0,0,0,0,0,0,0,0,0,0,0,1.0,0,78.25,73.9566650390625
2021-07-23,0,0,0,0,0,0,0,0,0,0,0,0,0,1.0,0,76.75,72.53897094726562
2021-07-27,0,0,0,0,-1,0,0,0,0,0,0,0,0,1.0,1,75.5,71.3575439453125
2021-07-29,0,0,0,0,0,0,1,0,0,0,0,0,0,1.0,0,73.5,69.46728515625
2021-07-30,0,0,0,0,0,0,0,0,0,0,0,0,0,1.0,0,76.25,72.06639862060547
2021-08-02,0,0,0,0,0,0,0,0,0,0,0,0,0,1.0,-1,75.25,71.12126159667969
2021-08-03,0,0,0,0,0,0,0,-1,0,0,0,0,0,1.0,0,75.5,71.3575439453125
2021-08-04,0,0,0,0,0,0,0,0,0,0,0,0,0,1.0,0,75.5,71.3575439453125
2021-08-05,0,0,0,0,0,0,0,1,0,0,0,0,0,1.0,0,76.25,72.06639862060547
2021-08-06,0,0,0,0,0,0,0,0,0,0,0,0,0,1.0,0,75.75,71.59382629394531
2021-08-09,0,0,0,0,0,0,0,-1,0,0,0,0,0,1.0,1,75.75,71.59382629394531
2021-08-10,0,0,0,-1,0,0,0,0,0,0,0,0,0,-0.5,0,74.5,70.41240692138672
2021-08-11,0,0,0,0,0,0,0,0,0,0,0,0,0,-0.5,0,75.0,70.88497924804688
2021-08-13,0,0,0,0,0,0,0,0,0,1,0,1,0,-0.5,0,72.25,68.2858657836914
2021-08-16,0,0,0,0,0,0,0,0,0,0,0,0,0,-0.5,0,74.25,70.17613220214844
2021-08-17,0,0,0,1,0,0,0,0,0,0,0,0,0,-0.5,-1,75.25,71.12126159667969
2021-08-18,0,0,0,0,0,0,-1,1,0,0,0,0,0,1.0,0,75.75,71.59382629394531
2021-08-19,0,0,0,0,0,0,0,0,0,-1,0,-1,0,1.0,0,79.0,74.66551971435547
2021-08-20,0,0,0,0,1,0,0,0,0,0,0,0,0,1.0,0,78.25,73.9566650390625
2021-08-23,0,0,0,0,-1,0,0,-1,0,0,0,0,0,1.0,1,74.0,69.93985748291016
2021-08-24,0,0,0,-1,0,0,0,0,0,0,0,1,0,-0.5,0,73.75,69.70356750488281
2021-08-25,0,0,0,0,0,0,0,0,0,1,0,0,0,-0.5,0,73.0,68.99471282958984
2021-08-26,0,0,0,0,0,0,0,0,0,0,0,0,0,-0.5,0,73.0,68.99471282958984
2021-08-27,0,0,0,0,0,0,0,1,0,0,0,0,0,-0.5,0,74.0,69.93985748291016
2021-08-30,0,0,0,0,0,0,0,-1,0,0,0,0,0,-0.5,0,72.5,68.52214813232422
2021-08-31,0,0,0,0,0,0,0,0,0,0,0,0,0,-0.5,0,70.5,66.63188171386719
2021-09-01,0,0,0,0,0,0,0,0,0,0,0,0,0,-1.0,0,72.25,68.2858657836914
2021-09-02,0,0,0,0,0,0,0,0,0,0,0,0,0,-1.0,-1,72.75,68.75843811035156
2021-09-03,0,0,0,0,0,0,0,0,0,0,0,0,0,-1.0,0,72.25,68.2858657836914
2021-09-06,0,0,0,0,0,0,0,0,0,0,0,0,0,-1.0,0,72.0,68.0495834350586
2021-09-07,0,0,0,0,0,0,0,0,0,0,0,0,0,-1.0,1,71.0,67.10444641113281
2021-09-08,0,0,0,0,0,0,0,1,0,0,0,0,0,-1.0,-1,73.5,69.46728515625
2021-09-09,0,0,0,0,0,0,0,-1,0,0,0,0,0,-1.0,0,72.75,68.75843811035156
2021-09-10,0,0,0,0,1,0,0,1,0,-1,0,-1,0,0.5,0,76.0,71.83011627197266
2021-09-13,0,0,0,0,0,0,0,0,0,0,0,0,0,0.5,0,73.5,69.46728515625
2021-09-14,0,0,0,0,0,0,0,0,0,0,0,0,0,0.5,0,74.0,69.93985748291016
2021-09-15,-1,0,0,0,0,0,0,0,0,0,0,0,0,0.5,0,75.25,71.12126159667969
2021-09-16,0,0,0,0,0,0,0,0,0,0,0,0,0,1.0,0,74.75,70.64869689941406
2021-09-17,0,0,0,1,0,0,0,0,0,0,1,0,0,1.0,0,81.75,77.2646255493164
2021-09-20,0,0,0,0,0,0,0,0,0,0,-1,0,0,1.0,0,82.5,77.97348022460938
2021-09-21,0,0,0,0,0,0,0,0,0,0,0,0,0,1.0,0,82.0,77.50091552734375
2021-09-22,0,0,0,0,0,0,0,0,0,0,0,0,0,1.0,0,81.75,77.2646255493164
2021-09-23,0,0,0,0,0,0,0,0,0,0,0,0,0,1.0,0,82.5,77.97348022460938
2021-09-27,1,0,0,0,0,0,0,0,0,0,0,0,0,1.0,1,79.0,74.66551971435547
2021-09-28,0,0,0,0,0,0,1,0,0,0,0,0,0,1.0,0,79.25,74.90179443359375
2021-09-29,0,0,0,0,0,0,0,0,0,0,0,0,0,1.0,0,79.75,75.37435913085938
2021-09-30,0,0,0,0,0,0,0,0,0,0,0,0,0,1.0,0,79.0,74.66551971435547
2021-10-01,0,0,0,0,-1,0,0,0,0,0,0,0,0,-0.5,0,78.0,73.72038269042969
2021-10-04,0,0,0,0,0,0,0,-1,0,0,0,0,0,-0.5,0,77.75,73.4841079711914
2021-10-05,0,0,0,-1,0,0,0,0,0,1,0,1,0,-0.5,0,74.5,70.41240692138672
2021-10-06,0,0,0,0,0,0,0,0,0,0,0,0,0,-0.5,0,75.5,71.3575439453125
2021-10-07,0,0,0,0,0,0,0,0,0,0,0,0,0,-0.5,0,75.25,71.12126159667969
2021-10-08,0,0,0,0,0,0,0,0,0,0,0,0,0,-0.5,0,74.75,70.64869689941406
2021-10-11,0,0,0,0,0,0,0,0,0,0,0,0,0,-0.5,0,73.5,69.46728515625
2021-10-12,0,0,0,0,0,0,0,0,0,0,0,0,0,-1.0,0,72.0,68.0495834350586
2021-10-14,0,0,0,0,0,0,0,0,0,0,0,0,0,-1.0,0,71.0,67.10444641113281
2021-10-15,0,0,0,0,0,0,0,0,0,0,0,0,0,-1.0,0,72.75,68.75843811035156
2021-10-18,0,0,0,0,0,0,0,0,0,0,0,0,0,0.5,-1,77.75,73.4841079711914
2021-10-19,0,0,0,0,0,0,-1,0,0,0,0,0,0,0.5,0,77.75,73.4841079711914
2021-10-20,0,0,0,1,1,0,0,1,0,-1,0,-1,0,0.5,0,79.75,75.37435913085938
2021-10-21,0,0,0,0,0,0,0,0,0,0,0,0,0,1.0,0,79.25,74.90179443359375
2021-10-25,0,0,0,0,0,0,0,0,0,0,0,0,0,1.0,0,79.5,75.13807678222656
2021-10-26,0,0,0,0,0,0,0,0,0,0,0,0,0,1.0,0,80.25,75.846923828125
2021-10-27,0,0,0,0,0,0,0,0,0,0,0,0,0,1.0,0,81.5,77.0283432006836
2021-10-28,0,0,0,0,0,0,0,0,0,0,0,0,0,1.0,0,80.75,77.2675552368164
2021-10-29,0,0,0,0,0,0,0,0,0,0,0,0,0,1.0,1,80.0,77.50977325439453
2021-11-01,0,0,0,0,0,0,0,0,0,0,0,0,0,1.0,-1,83.75,81.14305114746094
2021-11-02,0,0,0,0,0,0,0,0,0,0,0,0,0,1.0,0,85.25,82.59635925292969
2021-11-03,0,0,0,0,0,0,0,0,0,0,0,0,0,1.0,0,84.25,81.62748718261719
2021-11-04,0,0,0,0,0,0,0,0,0,0,0,0,0,1.0,0,85.0,82.35413360595703
2021-11-05,0,0,0,0,0,0,0,0,0,0,0,0,0,1.0,0,85.5,82.83857727050781
2021-11-08,0,0,0,0,0,0,0,0,0,0,0,0,0,1.0,1,84.5,81.86969757080078
2021-11-09,0,0,0,0,0,0,0,0,0,0,0,0,0,1.0,0,84.75,82.1119155883789
2021-11-10,0,0,0,0,0,0,0,0,0,0,0,0,0,1.0,-1,85.75,83.08079528808594
2021-11-11,0,0,0,0,0,0,0,0,0,0,0,0,0,1.0,0,86.25,83.56523132324219
2021-11-12,0,0,0,0,0,0,0,0,0,0,0,0,0,1.0,0,86.5,83.80744934082031
2021-11-15,0,0,0,0,0,0,0,0,0,0,1,0,0,1.0,0,92.75,89.86289978027344
2021-11-16,0,0,0,0,0,0,0,0,0,0,-1,0,0,1.0,0,95.25,92.28507995605469
2021-11-17,0,0,0,0,0,0,0,0,0,0,0,0,0,1.0,0,93.0,90.10511779785156
2021-11-18,0,0,0,0,0,0,0,0,0,0,0,0,0,1.0,0,91.75,88.89402770996094
2021-11-19,0,0,0,0,0,0,1,0,0,0,0,0,0,1.0,0,91.25,88.40959167480469
2021-11-22,0,0,0,0,0,0,0,0,0,0,0,0,0,1.0,0,92.0,89.13624572753906
2021-11-23,0,0,0,0,0,0,0,0,0,0,0,0,0,1.0,1,91.5,88.65180969238281
2021-11-24,0,0,0,0,0,0,0,0,0,0,0,0,0,1.0,0,90.75,87.92515563964844
2021-11-25,0,0,0,0,-1,0,0,0,0,0,0,0,0,1.0,0,92.0,89.13624572753906
2021-11-26,0,0,0,0,0,0,0,0,0,0,0,0,0,1.0,0,90.5,87.68293762207031
2021-11-29,0,0,0,0,0,0,0,-1,0,0,0,0,0,1.0,0,91.0,88.16737365722656
2021-11-30,0,0,0,0,0,0,0,0,0,0,0,0,0,1.0,-1,93.5,90.58955383300781
2021-12-01,0,0,0,-1,0,0,0,0,0,0,0,0,0,1.0,1,92.0,89.13624572753906
2021-12-02,0,0,0,0,0,0,0,1,0,0,0,0,0,1.0,0,92.0,89.13624572753906
2021-12-03,0,0,0,0,0,0,0,0,0,0,0,0,0,1.0,0,91.5,88.65180969238281
2021-12-07,0,0,0,0,0,0,0,0,0,0,0,0,0,1.0,0,93.0,90.10511779785156
2021-12-08,0,0,0,0,0,0,0,0,0,0,0,0,0,1.0,-1,93.75,90.83177185058594
2021-12-09,0,0,0,1,0,0,-1,0,0,0,0,0,0,1.0,0,94.75,91.80064392089844
2021-12-13,0,0,0,-1,0,0,0,0,0,0,0,0,0,1.0,0,93.5,90.58955383300781
2021-12-14,0,0,0,0,0,0,0,0,0,0,0,0,0,1.0,0,93.25,90.34733581542969
2021-12-15,0,0,0,0,0,0,1,0,0,0,0,0,0,1.0,1,92.25,89.37846374511719
2021-12-16,0,0,0,1,0,0,0,0,0,0,0,0,0,1.0,-1,95.25,92.28507995605469
2021-12-17,0,0,0,-1,0,0,0,0,0,0,0,0,0,1.0,1,92.0,89.13624572753906
2021-12-20,0,0,0,0,0,0,0,-1,0,1,0,0,0,-0.5,0,90.5,87.68293762207031
2021-12-21,0,0,0,0,0,0,0,0,0,0,0,0,0,-0.5,0,90.25,87.44071960449219
2021-12-22,0,0,0,0,0,0,0,0,0,0,0,0,0,-0.5,0,90.25,87.44071960449219
2021-12-23,0,0,0,0,0,0,0,0,0,0,0,0,0,-0.5,0,90.75,87.92515563964844
2021-12-24,0,0,0,0,0,0,0,0,0,0,0,0,0,-0.5,0,90.75,87.92515563964844
2021-12-27,0,0,0,0,0,0,0,0,0,0,0,0,0,-0.5,-1,91.0,88.16737365722656
2021-12-28,0,0,0,0,0,0,0,0,0,0,0,0,0,-0.5,0,90.75,87.92515563964844
2021-12-29,0,0,0,0,0,0,0,0,0,0,0,1,0,-0.5,1,89.25,86.47184753417969
2021-12-30,0,0,0,0,0,0,0,0,0,0,0,0,0,-0.5,0,88.5,85.74519348144531
